date,value,cash,holdings_value,shares
2016-02-10 05:00:00,10000.0,10000.0,0.0,0
2016-02-11 05:00:00,10000.0,10000.0,0.0,0
2016-02-12 05:00:00,10000.0,10000.0,0.0,0
2016-02-16 05:00:00,10000.0,10000.0,0.0,0
2016-02-17 05:00:00,10000.0,10000.0,0.0,0
2016-02-18 05:00:00,10000.0,10000.0,0.0,0
2016-02-19 05:00:00,10000.0,10000.0,0.0,0
2016-02-22 05:00:00,10000.0,10000.0,0.0,0
2016-02-23 05:00:00,10000.0,10000.0,0.0,0
2016-02-24 05:00:00,10000.0,10000.0,0.0,0
2016-02-25 05:00:00,10000.0,10000.0,0.0,0
2016-02-26 05:00:00,10000.0,10000.0,0.0,0
2016-02-29 05:00:00,10000.0,10000.0,0.0,0
2016-03-01 05:00:00,10000.0,10000.0,0.0,0
2016-03-02 05:00:00,10000.0,10000.0,0.0,0
2016-03-03 05:00:00,10000.0,10000.0,0.0,0
2016-03-04 05:00:00,10000.0,10000.0,0.0,0
2016-03-07 05:00:00,10000.0,10000.0,0.0,0
2016-03-08 05:00:00,10000.0,10000.0,0.0,0
2016-03-09 05:00:00,10000.0,10000.0,0.0,0
2016-03-10 05:00:00,10000.0,10000.0,0.0,0
2016-03-11 05:00:00,10000.0,10000.0,0.0,0
2016-03-14 04:00:00,10000.0,10000.0,0.0,0
2016-03-15 04:00:00,10000.0,10000.0,0.0,0
2016-03-16 04:00:00,10000.0,10000.0,0.0,0
2016-03-17 04:00:00,10000.0,10000.0,0.0,0
2016-03-18 04:00:00,10000.0,10000.0,0.0,0
2016-03-21 04:00:00,10000.0,10000.0,0.0,0
2016-03-22 04:00:00,10000.0,10000.0,0.0,0
2016-03-23 04:00:00,10000.0,10000.0,0.0,0
2016-03-24 04:00:00,10000.0,10000.0,0.0,0
2016-03-28 04:00:00,10000.0,10000.0,0.0,0
2016-03-29 04:00:00,10000.0,10000.0,0.0,0
2016-03-30 04:00:00,10000.0,10000.0,0.0,0
2016-03-31 04:00:00,10000.0,10000.0,0.0,0
2016-04-01 04:00:00,10000.0,10000.0,0.0,0
2016-04-04 04:00:00,10000.0,10000.0,0.0,0
2016-04-05 04:00:00,10000.0,10000.0,0.0,0
2016-04-06 04:00:00,10000.0,10000.0,0.0,0
2016-04-07 04:00:00,10000.0,10000.0,0.0,0
2016-04-08 04:00:00,10000.0,10000.0,0.0,0
2016-04-11 04:00:00,10000.0,10000.0,0.0,0
2016-04-12 04:00:00,10000.0,10000.0,0.0,0
2016-04-13 04:00:00,10000.0,10000.0,0.0,0
2016-04-14 04:00:00,10000.0,10000.0,0.0,0
2016-04-15 04:00:00,10000.0,10000.0,0.0,0
2016-04-18 04:00:00,10000.0,10000.0,0.0,0
2016-04-19 04:00:00,10000.0,10000.0,0.0,0
2016-04-20 04:00:00,10000.0,10000.0,0.0,0
2016-04-21 04:00:00,9990.511073,501.584073,9488.927,395
2016-04-22 04:00:00,9964.559573,501.584073,9462.9755,395
2016-04-25 04:00:00,9910.800072999999,501.584073,9409.215999999999,395
2016-04-26 04:00:00,9845.427573,501.584073,9343.8435,395
2016-04-27 04:00:00,9260.748573,501.584073,8759.1645,395
2016-04-28 04:00:00,8992.978073,501.584073,8491.394,395
2016-04-29 04:00:00,8895.373573,501.584073,8393.7895,395
2016-05-02 04:00:00,8886.446573,501.584073,8384.8625,395
2016-05-03 04:00:00,9024.341073,501.584073,8522.757,395
2016-05-04 04:00:00,8935.703073,501.584073,8434.119,395
2016-05-05 04:00:00,8901.456573,501.584073,8399.8725,395
2016-05-06 04:00:00,8854.609573,501.584073,8353.0255,395
2016-05-09 04:00:00,8860.929573,501.584073,8359.3455,395
2016-05-10 04:00:00,8917.651573,501.584073,8416.0675,395
2016-05-11 04:00:00,8835.689073,501.584073,8334.105,395
2016-05-12 04:00:00,8640.203572999999,501.584073,8138.6195,395
2016-05-13 04:00:00,8656.398572999999,501.584073,8154.8144999999995,395
2016-05-16 04:00:00,8959.126573,501.584073,8457.5425,395
2016-05-17 04:00:00,8923.971573,501.584073,8422.3875,395
2016-05-18 04:00:00,9020.351573,501.584073,8518.7675,395
2016-05-19 04:00:00,8987.922073,501.584073,8486.338,395
2016-05-20 04:00:00,9079.838572999999,501.584073,8578.2545,395
2016-05-23 04:00:00,9188.819072999999,501.584073,8687.234999999999,395
2016-05-24 04:00:00,9321.262573,501.584073,8819.6785,395
2016-05-25 04:00:00,9476.221073,501.584073,8974.637,395
2016-05-26 04:00:00,9547.400073,501.584073,9045.816,395
2016-05-27 04:00:00,9541.988573,501.584073,9040.4045,395
2016-05-31 04:00:00,9497.827573,501.584073,8996.2435,395
2016-06-01 04:00:00,9371.704072999999,501.584073,8870.119999999999,395
2016-06-02 04:00:00,9305.067572999998,501.584073,8803.483499999998,395
2016-06-03 04:00:00,9323.079572999999,501.584073,8821.495499999999,395
2016-06-06 04:00:00,9387.030073,501.584073,8885.446,395
2016-06-07 04:00:00,9423.054073,501.584073,8921.47,395
2016-06-08 04:00:00,9414.956573,501.584073,8913.3725,395
2016-06-09 04:00:00,9478.907073,501.584073,8977.323,395
2016-06-10 04:00:00,9405.042073,501.584073,8903.458,395
2016-06-13 04:00:00,9270.821073000001,501.584073,8769.237000000001,395
2016-06-14 04:00:00,9281.644073000001,501.584073,8780.060000000001,395
2016-06-15 04:00:00,9252.809073,501.584073,8751.225,395
2016-06-16 04:00:00,9289.741573,501.584073,8788.1575,395
2016-06-17 04:00:00,9089.753073,501.584073,8588.169,395
2016-06-20 04:00:00,9069.015572999999,501.584073,8567.431499999999,395
2016-06-21 04:00:00,9141.972073,501.584073,8640.388,395
2016-06-22 04:00:00,9109.542573,501.584073,8607.9585,395
2016-06-23 04:00:00,9158.6547992,40.84999920000001,9117.8048,416
2016-06-24 04:00:00,8902.4819992,40.84999920000001,8861.632,416
2016-06-27 04:00:00,8764.706210400002,8764.706210400002,0.0,0
2016-06-28 04:00:00,8764.706210400002,8764.706210400002,0.0,0
2016-06-29 04:00:00,8764.706210400002,8764.706210400002,0.0,0
2016-06-30 04:00:00,8756.399000700001,449.1893007000017,8307.2097,381
2016-07-01 04:00:00,8781.621200700001,449.1893007000017,8332.4319,381
2016-07-05 04:00:00,8703.401900700002,449.1893007000017,8254.2126,381
2016-07-06 04:00:00,8750.341100700001,449.1893007000017,8301.1518,381
2016-07-07 04:00:00,8785.964600700001,449.1893007000017,8336.7753,381
2016-07-08 04:00:00,8850.277400700003,449.1893007000017,8401.0881,381
2016-07-11 04:00:00,8867.910652200002,8867.910652200002,0.0,0
2016-07-12 04:00:00,8867.910652200002,8867.910652200002,0.0,0
2016-07-13 04:00:00,8867.910652200002,8867.910652200002,0.0,0
2016-07-14 04:00:00,8867.910652200002,8867.910652200002,0.0,0
2016-07-15 04:00:00,8867.910652200002,8867.910652200002,0.0,0
2016-07-18 04:00:00,8867.910652200002,8867.910652200002,0.0,0
2016-07-19 04:00:00,8867.910652200002,8867.910652200002,0.0,0
2016-07-20 04:00:00,8867.910652200002,8867.910652200002,0.0,0
2016-07-21 04:00:00,8867.910652200002,8867.910652200002,0.0,0
2016-07-22 04:00:00,8867.910652200002,8867.910652200002,0.0,0
2016-07-25 04:00:00,8859.496624800002,445.46922480000103,8414.0274,379
2016-07-26 04:00:00,8801.585424800001,445.46922480000103,8356.1162,379
2016-07-27 04:00:00,9344.4271248,445.46922480000103,8898.9579,379
2016-07-28 04:00:00,9464.5701248,445.46922480000103,9019.1009,379
2016-07-29 04:00:00,9453.3138248,445.46922480000103,9007.844599999999,379
2016-08-01 04:00:00,9612.380124800002,445.46922480000103,9166.9109,379
2016-08-02 04:00:00,9476.660224800002,445.46922480000103,9031.191,379
2016-08-03 04:00:00,9589.905424800001,445.46922480000103,9144.4362,379
2016-08-04 04:00:00,9646.376424800002,445.46922480000103,9200.907200000001,379
2016-08-05 04:00:00,9786.303224800002,445.46922480000103,9340.834,379
2016-08-08 04:00:00,9863.657124800002,445.46922480000103,9418.1879,379
2016-08-09 04:00:00,9901.898224800001,445.46922480000103,9456.429,379
2016-08-10 04:00:00,9831.5179248,445.46922480000103,9386.0487,379
2016-08-11 04:00:00,9825.4160248,445.46922480000103,9379.9468,379
2016-08-12 04:00:00,9847.170624800001,445.46922480000103,9401.7014,379
2016-08-15 04:00:00,9960.150524800001,445.46922480000103,9514.6813,379
2016-08-16 04:00:00,9951.4335248,445.46922480000103,9505.9643,379
2016-08-17 04:00:00,9937.524224800001,445.46922480000103,9492.055,379
2016-08-18 04:00:00,9925.3583248,445.46922480000103,9479.889099999999,379
2016-08-19 04:00:00,9949.690124800001,445.46922480000103,9504.2209,379
2016-08-22 04:00:00,9875.823024800002,445.46922480000103,9430.3538,379
2016-08-23 04:00:00,9905.385024800002,445.46922480000103,9459.9158,379
2016-08-24 04:00:00,9834.133024800001,445.46922480000103,9388.6638,379
2016-08-25 04:00:00,9794.1485248,445.46922480000103,9348.6793,379
2016-08-26 04:00:00,9739.383024800001,445.46922480000103,9293.9138,379
2016-08-29 04:00:00,9728.960524800003,445.46922480000103,9283.491300000002,379
2016-08-30 04:00:00,9657.7085248,445.46922480000103,9212.2393,379
2016-08-31 04:00:00,9666.387624800002,445.46922480000103,9220.9184,379
2016-09-01 04:00:00,9721.153124800001,445.46922480000103,9275.6839,379
2016-09-02 04:00:00,9808.0578248,445.46922480000103,9362.5886,379
2016-09-06 04:00:00,9805.442724800001,445.46922480000103,9359.9735,379
2016-09-07 04:00:00,9862.7854248,445.46922480000103,9417.3162,379
2016-09-08 04:00:00,9615.9806248,445.46922480000103,9170.5114,379
2016-09-09 04:00:00,9408.2507248,445.46922480000103,8962.7815,379
2016-09-12 04:00:00,9609.007024800001,445.46922480000103,9163.5378,379
2016-09-13 04:00:00,9827.1594248,445.46922480000103,9381.6902,379
2016-09-14 04:00:00,10159.163424800001,445.46922480000103,9713.6942,379
2016-09-15 04:00:00,10489.386124800001,445.46922480000103,10043.9169,379
2016-09-16 04:00:00,10432.915124800002,445.46922480000103,9987.4459,379
2016-09-19 04:00:00,10316.4484248,445.46922480000103,9870.9792,379
2016-09-20 04:00:00,10315.576724800001,445.46922480000103,9870.1075,379
2016-09-21 04:00:00,10313.833324800002,445.46922480000103,9868.3641,379
2016-09-22 04:00:00,10406.8399248,445.46922480000103,9961.3707,379
2016-09-23 04:00:00,10240.837924800002,445.46922480000103,9795.3687,379
2016-09-26 04:00:00,10255.618924800001,445.46922480000103,9810.1497,379
2016-09-27 04:00:00,10273.848824800001,445.46922480000103,9828.3796,379
2016-09-28 04:00:00,10348.625524800002,445.46922480000103,9903.1563,379
2016-09-29 04:00:00,10194.789424800001,445.46922480000103,9749.3202,379
2016-09-30 04:00:00,10270.399924800002,445.46922480000103,9824.9307,379
2016-10-03 04:00:00,10224.313524800002,445.46922480000103,9778.8443,379
2016-10-04 04:00:00,10266.041424800002,445.46922480000103,9820.5722,379
2016-10-05 04:00:00,10270.399924800002,445.46922480000103,9824.9307,379
2016-10-06 04:00:00,10343.395324800002,445.46922480000103,9897.9261,379
2016-10-07 04:00:00,10358.1763248,445.46922480000103,9912.7071,379
2016-10-10 04:00:00,10531.114024800001,445.46922480000103,10085.6448,379
2016-10-11 04:00:00,10552.830724800002,445.46922480000103,10107.3615,379
2016-10-12 04:00:00,10643.222224800002,445.46922480000103,10197.753,379
2016-10-13 04:00:00,10611.954724800002,445.46922480000103,10166.4855,379
2016-10-14 04:00:00,10668.425724800001,445.46922480000103,10222.9565,379
2016-10-17 04:00:00,10661.490024800001,445.46922480000103,10216.0208,379
2016-10-18 04:00:00,10654.516424800002,445.46922480000103,10209.0472,379
2016-10-19 04:00:00,10624.120624800002,445.46922480000103,10178.6514,379
2016-10-20 04:00:00,10618.890424800002,445.46922480000103,10173.4212,379
2016-10-21 04:00:00,10578.905924800001,445.46922480000103,10133.4367,379
2016-10-24 04:00:00,10670.1691248,445.46922480000103,10224.6999,379
2016-10-25 04:00:00,10722.319524800001,445.46922480000103,10276.8503,379
2016-10-26 04:00:00,10491.1295248,445.46922480000103,10045.6603,379
2016-10-27 04:00:00,10394.6740248,445.46922480000103,9949.2048,379
2016-10-28 04:00:00,10328.6143248,445.46922480000103,9883.1451,379
2016-10-31 04:00:00,10312.9616248,445.46922480000103,9867.4924,379
2016-11-01 04:00:00,10134.831624800001,445.46922480000103,9689.3624,379
2016-11-02 04:00:00,10143.5107248,445.46922480000103,9698.0415,379
2016-11-03 04:00:00,10039.551024800001,445.46922480000103,9594.0818,379
2016-11-04 04:00:00,9953.0632248,445.46922480000103,9507.594,379
2016-11-07 05:00:00,10090.223324800001,445.46922480000103,9644.7541,379
2016-11-08 05:00:00,10146.997524800001,445.46922480000103,9701.5283,379
2016-11-09 05:00:00,10131.269024800002,445.46922480000103,9685.7998,379
2016-11-10 05:00:00,9861.345224800001,445.46922480000103,9415.876,379
2016-11-11 05:00:00,9917.2477248,445.46922480000103,9471.778499999999,379
2016-11-14 05:00:00,9679.652624800001,445.46922480000103,9234.1834,379
2016-11-15 05:00:00,9792.5994381,9792.5994381,0.0,0
2016-11-16 05:00:00,9792.5994381,9792.5994381,0.0,0
2016-11-17 05:00:00,9792.5994381,9792.5994381,0.0,0
2016-11-18 05:00:00,9792.5994381,9792.5994381,0.0,0
2016-11-21 05:00:00,9792.5994381,9792.5994381,0.0,0
2016-11-22 05:00:00,9792.5994381,9792.5994381,0.0,0
2016-11-23 05:00:00,9792.5994381,9792.5994381,0.0,0
2016-11-25 05:00:00,9792.5994381,9792.5994381,0.0,0
2016-11-28 05:00:00,9792.5994381,9792.5994381,0.0,0
2016-11-29 05:00:00,9792.5994381,9792.5994381,0.0,0
2016-11-30 05:00:00,9792.5994381,9792.5994381,0.0,0
2016-12-01 05:00:00,9792.5994381,9792.5994381,0.0,0
2016-12-02 05:00:00,9792.5994381,9792.5994381,0.0,0
2016-12-05 05:00:00,9792.5994381,9792.5994381,0.0,0
2016-12-06 05:00:00,9792.5994381,9792.5994381,0.0,0
2016-12-07 05:00:00,9792.5994381,9792.5994381,0.0,0
2016-12-08 05:00:00,9792.5994381,9792.5994381,0.0,0
2016-12-09 05:00:00,9792.5994381,9792.5994381,0.0,0
2016-12-12 05:00:00,9792.5994381,9792.5994381,0.0,0
2016-12-13 05:00:00,9792.5994381,9792.5994381,0.0,0
2016-12-14 05:00:00,9792.5994381,9792.5994381,0.0,0
2016-12-15 05:00:00,9792.5994381,9792.5994381,0.0,0
2016-12-16 05:00:00,9792.5994381,9792.5994381,0.0,0
2016-12-19 05:00:00,9792.5994381,9792.5994381,0.0,0
2016-12-20 05:00:00,9792.5994381,9792.5994381,0.0,0
2016-12-21 05:00:00,9783.3181117,501.99171170000045,9281.3264,344
2016-12-22 05:00:00,9722.292511700001,501.99171170000045,9220.3008,344
2016-12-23 05:00:00,9740.524511700001,501.99171170000045,9238.5328,344
2016-12-27 05:00:00,9799.176511700001,501.99171170000045,9297.1848,344
2016-12-28 05:00:00,9759.547711700001,501.99171170000045,9257.556,344
2016-12-29 05:00:00,9757.1741117,501.99171170000045,9255.1824,344
2016-12-30 05:00:00,9685.002911700001,501.99171170000045,9183.0112,344
2017-01-03 05:00:00,9711.1813117,501.99171170000045,9209.1896,344
2017-01-04 05:00:00,9700.8613117,501.99171170000045,9198.8696,344
2017-01-05 05:00:00,9747.6453117,501.99171170000045,9245.6536,344
2017-01-06 05:00:00,9850.7077117,501.99171170000045,9348.716,344
2017-01-09 05:00:00,9936.3637117,501.99171170000045,9434.372,344
2017-01-10 05:00:00,9945.8581117,501.99171170000045,9443.866399999999,344
2017-01-11 05:00:00,9996.598111700001,501.99171170000045,9494.6064,344
2017-01-12 05:00:00,9956.9693117,501.99171170000045,9454.9776,344
2017-01-13 05:00:00,9940.3197117,501.99171170000045,9438.328,344
2017-01-17 05:00:00,10016.4469117,501.99171170000045,9514.4552,344
2017-01-18 05:00:00,10015.6213117,501.99171170000045,9513.6296,344
2017-01-19 05:00:00,9998.971711700002,501.99171170000045,9496.980000000001,344
2017-01-20 05:00:00,10016.4469117,501.99171170000045,9514.4552,344
2017-01-23 05:00:00,10022.7765117,501.99171170000045,9520.7848,344
2017-01-24 05:00:00,10014.0389117,501.99171170000045,9512.047199999999,344
2017-01-25 05:00:00,10165.5021117,501.99171170000045,9663.5104,344
2017-01-26 05:00:00,10170.2493117,501.99171170000045,9668.257599999999,344
2017-01-27 05:00:00,10171.040511700001,501.99171170000045,9669.0488,344
2017-01-30 05:00:00,10145.6533117,501.99171170000045,9643.6616,344
2017-01-31 05:00:00,10123.4653117,501.99171170000045,9621.4736,344
2017-02-01 05:00:00,10710.191711700001,501.99171170000045,10208.2,344
2017-02-02 05:00:00,10692.7509117,501.99171170000045,10190.7592,344
2017-02-03 05:00:00,10736.3701117,501.99171170000045,10234.3784,344
2017-02-06 05:00:00,10832.277311700002,501.99171170000045,10330.285600000001,344
2017-02-07 05:00:00,10930.5925117,501.99171170000045,10428.6008,344
2017-02-08 05:00:00,10971.0469117,501.99171170000045,10469.055199999999,344
2017-02-09 05:00:00,11046.6925117,501.99171170000045,10544.700799999999,344
2017-02-10 05:00:00,11022.7845117,501.99171170000045,10520.7928,344
2017-02-13 05:00:00,11115.974111700001,501.99171170000045,10613.9824,344
2017-02-14 05:00:00,11253.7461117,501.99171170000045,10751.7544,344
2017-02-15 05:00:00,11292.755711700001,501.99171170000045,10790.764000000001,344
2017-02-16 05:00:00,11280.0277117,501.99171170000045,10778.036,344
2017-02-17 05:00:00,11309.474111700001,501.99171170000045,10807.4824,344
2017-02-21 05:00:00,11387.5277117,501.99171170000045,10885.536,344
2017-02-22 05:00:00,11420.1733117,501.99171170000045,10918.1816,344
2017-02-23 05:00:00,11373.974111700001,501.99171170000045,10871.9824,344
2017-02-24 05:00:00,11384.3285117,501.99171170000045,10882.3368,344
2017-02-27 05:00:00,11405.8285117,501.99171170000045,10903.8368,344
2017-02-28 05:00:00,11410.6101117,501.99171170000045,10908.6184,344
2017-03-01 05:00:00,11633.5565117,501.99171170000045,11131.5648,344
2017-03-02 05:00:00,11567.4741117,501.99171170000045,11065.482399999999,344
2017-03-03 05:00:00,11632.7653117,501.99171170000045,11130.7736,344
2017-03-06 05:00:00,11597.7461117,501.99171170000045,11095.7544,344
2017-03-07 05:00:00,11612.0909117,501.99171170000045,11110.099199999999,344
2017-03-08 05:00:00,11570.6733117,501.99171170000045,11068.6816,344
2017-03-09 05:00:00,11545.1829117,501.99171170000045,11043.1912,344
2017-03-10 05:00:00,11581.8189117,501.99171170000045,11079.8272,344
2017-03-13 04:00:00,11586.600511700002,501.99171170000045,11084.608800000002,344
2017-03-14 04:00:00,11569.8821117,501.99171170000045,11067.8904,344
2017-03-15 04:00:00,11686.945311700001,501.99171170000045,11184.9536,344
2017-03-16 04:00:00,11705.2461117,501.99171170000045,11203.2544,344
2017-03-17 04:00:00,11649.483711700002,501.99171170000045,11147.492000000002,344
2017-03-20 04:00:00,11766.546911700001,501.99171170000045,11264.5552,344
2017-03-21 04:00:00,11637.546911700001,501.99171170000045,11135.5552,344
2017-03-22 04:00:00,11763.3821117,501.99171170000045,11261.3904,344
2017-03-23 04:00:00,11723.546911700001,501.99171170000045,11221.5552,344
2017-03-24 04:00:00,11701.2557117,501.99171170000045,11199.264,344
2017-03-27 04:00:00,11720.3821117,501.99171170000045,11218.3904,344
2017-03-28 04:00:00,11952.8917117,501.99171170000045,11450.9,344
2017-03-29 04:00:00,11978.3821117,501.99171170000045,11476.3904,344
2017-03-30 04:00:00,11963.2461117,501.99171170000045,11461.2544,344
2017-03-31 04:00:00,11941.7461117,501.99171170000045,11439.7544,344
2017-04-03 04:00:00,11944.945311700001,501.99171170000045,11442.9536,344
2017-04-04 04:00:00,12030.119711700001,501.99171170000045,11528.128,344
2017-04-05 04:00:00,11970.401311700001,501.99171170000045,11468.4096,344
2017-04-06 04:00:00,11941.7461117,501.99171170000045,11439.7544,344
2017-04-07 04:00:00,11916.2557117,501.99171170000045,11414.264,344
2017-04-10 04:00:00,11902.7365117,501.99171170000045,11400.7448,344
2017-04-11 04:00:00,11780.100511700002,501.99171170000045,11278.108800000002,344
2017-04-12 04:00:00,11793.619711700001,501.99171170000045,11291.628,344
2017-04-13 04:00:00,11733.901311700001,501.99171170000045,11231.9096,344
2017-04-17 04:00:00,11796.0277117,501.99171170000045,11294.036,344
2017-04-18 04:00:00,11745.8381117,501.99171170000045,11243.8464,344
2017-04-19 04:00:00,11704.4549117,501.99171170000045,11202.4632,344
2017-04-20 04:00:00,11844.600511700002,501.99171170000045,11342.608800000002,344
2017-04-21 04:00:00,11831.046911700001,501.99171170000045,11329.0552,344
2017-04-24 04:00:00,11940.163711700001,501.99171170000045,11438.172,344
2017-04-25 04:00:00,12011.0277117,501.99171170000045,11509.036,344
2017-04-26 04:00:00,11943.328511700001,501.99171170000045,11441.336800000001,344
2017-04-27 04:00:00,11952.100511700002,501.99171170000045,11450.108800000002,344
2017-04-28 04:00:00,11940.9549117,501.99171170000045,11438.9632,344
2017-05-01 04:00:00,12174.2557117,501.99171170000045,11672.264,344
2017-05-02 04:00:00,12248.3189117,501.99171170000045,11746.3272,344
2017-05-03 04:00:00,12212.4741117,501.99171170000045,11710.482399999999,344
2017-05-04 04:00:00,12170.2997117,501.99171170000045,11668.307999999999,344
2017-05-05 04:00:00,12363.7997117,501.99171170000045,11861.807999999999,344
2017-05-08 04:00:00,12686.2997117,501.99171170000045,12184.307999999999,344
2017-05-09 04:00:00,12764.3189117,501.99171170000045,12262.3272,344
2017-05-10 04:00:00,12706.217311700002,501.99171170000045,12204.225600000002,344
2017-05-11 04:00:00,12811.7565117,501.99171170000045,12309.764799999999,344
2017-05-12 04:00:00,12983.653311700002,501.99171170000045,12481.661600000001,344
2017-05-15 04:00:00,12951.6613117,501.99171170000045,12449.6696,344
2017-05-16 04:00:00,12933.291711700002,501.99171170000045,12431.300000000001,344
2017-05-17 04:00:00,12515.8821117,501.99171170000045,12013.8904,344
2017-05-18 04:00:00,12698.993311700002,501.99171170000045,12197.001600000001,344
2017-05-19 04:00:00,12740.582911700001,501.99171170000045,12238.5912,344
2017-05-22 04:00:00,12814.9557117,501.99171170000045,12312.964,344
2017-05-23 04:00:00,12799.750911699999,501.99171170000045,12297.759199999999,344
2017-05-24 04:00:00,12762.9773117,501.99171170000045,12260.9856,344
2017-05-25 04:00:00,12805.3581117,501.99171170000045,12303.366399999999,344
2017-05-26 04:00:00,12784.546111700001,501.99171170000045,12282.5544,344
2017-05-30 04:00:00,12789.3621117,501.99171170000045,12287.3704,344
2017-05-31 04:00:00,12716.606111699999,501.99171170000045,12214.614399999999,344
2017-06-01 04:00:00,12750.180511700002,501.99171170000045,12248.188800000002,344
2017-06-02 04:00:00,12931.674911700002,501.99171170000045,12429.683200000001,344
2017-06-05 04:00:00,12810.1397117,501.99171170000045,12308.148,344
2017-06-06 04:00:00,12851.729311699999,501.99171170000045,12349.737599999999,344
2017-06-07 04:00:00,12925.2765117,501.99171170000045,12423.2848,344
2017-06-08 04:00:00,12894.901311700001,501.99171170000045,12392.9096,344
2017-06-09 04:00:00,12414.367711699999,501.99171170000045,11912.375999999998,344
2017-06-12 04:00:00,12129.6733117,501.99171170000045,11627.6816,344
2017-06-13 04:00:00,12223.2413117,501.99171170000045,11721.2496,344
2017-06-14 04:00:00,12108.8957117,501.99171170000045,11606.904,344
2017-06-15 04:00:00,12039.3389117,501.99171170000045,11537.3472,344
2017-06-16 04:00:00,11877.830911699999,501.99171170000045,11375.839199999999,344
2017-06-19 04:00:00,12203.254911700002,501.99171170000045,11701.263200000001,344
2017-06-20 04:00:00,12096.924511700001,501.99171170000045,11594.9328,344
2017-06-21 04:00:00,12165.690111700002,501.99171170000045,11663.698400000001,344
2017-06-22 04:00:00,12146.4949117,501.99171170000045,11644.5032,344
2017-06-23 04:00:00,12198.4733117,501.99171170000045,11696.4816,344
2017-06-26 04:00:00,12161.665311699999,501.99171170000045,11659.673599999998,344
2017-06-27 04:00:00,11983.057553300001,11983.057553300001,0.0,0
2017-06-28 04:00:00,11983.057553300001,11983.057553300001,0.0,0
2017-06-29 04:00:00,11983.057553300001,11983.057553300001,0.0,0
2017-06-30 04:00:00,11983.057553300001,11983.057553300001,0.0,0
2017-07-03 04:00:00,11983.057553300001,11983.057553300001,0.0,0
2017-07-05 04:00:00,11983.057553300001,11983.057553300001,0.0,0
2017-07-06 04:00:00,11983.057553300001,11983.057553300001,0.0,0
2017-07-07 04:00:00,11983.057553300001,11983.057553300001,0.0,0
2017-07-10 04:00:00,11983.057553300001,11983.057553300001,0.0,0
2017-07-11 04:00:00,11983.057553300001,11983.057553300001,0.0,0
2017-07-12 04:00:00,11983.057553300001,11983.057553300001,0.0,0
2017-07-13 04:00:00,11983.057553300001,11983.057553300001,0.0,0
2017-07-14 04:00:00,11983.057553300001,11983.057553300001,0.0,0
2017-07-17 04:00:00,11983.057553300001,11983.057553300001,0.0,0
2017-07-18 04:00:00,11983.057553300001,11983.057553300001,0.0,0
2017-07-19 04:00:00,11983.057553300001,11983.057553300001,0.0,0
2017-07-20 04:00:00,11983.057553300001,11983.057553300001,0.0,0
2017-07-21 04:00:00,11983.057553300001,11983.057553300001,0.0,0
2017-07-24 04:00:00,11983.057553300001,11983.057553300001,0.0,0
2017-07-25 04:00:00,11983.057553300001,11983.057553300001,0.0,0
2017-07-26 04:00:00,11983.057553300001,11983.057553300001,0.0,0
2017-07-27 04:00:00,11983.057553300001,11983.057553300001,0.0,0
2017-07-28 04:00:00,11983.057553300001,11983.057553300001,0.0,0
2017-07-31 04:00:00,11983.057553300001,11983.057553300001,0.0,0
2017-08-01 04:00:00,11983.057553300001,11983.057553300001,0.0,0
2017-08-02 04:00:00,11971.698060600002,612.2053606000009,11359.4927,311
2017-08-03 04:00:00,11858.1830606,612.2053606000009,11245.9777,311
2017-08-04 04:00:00,11917.459660600001,612.2053606000009,11305.2543,311
2017-08-07 04:00:00,12092.397160600001,612.2053606000009,11480.1918,311
2017-08-08 04:00:00,12184.204360600002,612.2053606000009,11571.999000000002,311
2017-08-09 04:00:00,12255.0501606,612.2053606000009,11642.844799999999,311
2017-08-10 04:00:00,11884.2137606,612.2053606000009,11272.008399999999,311
2017-08-11 04:00:00,12040.9577606,612.2053606000009,11428.7524,311
2017-08-14 04:00:00,12212.9718606,612.2053606000009,11600.7665,311
2017-08-15 04:00:00,12339.9842606,612.2053606000009,11727.7789,311
2017-08-16 04:00:00,12292.8055606,612.2053606000009,11680.600199999999,311
2017-08-17 04:00:00,12068.5434606,612.2053606000009,11456.338099999999,311
2017-08-18 04:00:00,12042.419460600002,612.2053606000009,11430.214100000001,311
2017-08-21 04:00:00,12021.364760600001,612.2053606000009,11409.1594,311
2017-08-22 04:00:00,12207.871460600001,612.2053606000009,11595.6661,311
2017-08-23 04:00:00,12222.395160600001,612.2053606000009,11610.1898,311
2017-08-24 04:00:00,12170.862460600001,612.2053606000009,11558.6571,311
2017-08-25 04:00:00,12213.687160600002,612.2053606000009,11601.481800000001,311
2017-08-28 04:00:00,12330.5298606,612.2053606000009,11718.324499999999,311
2017-08-29 04:00:00,12435.025860600002,612.2053606000009,11822.820500000002,311
2017-08-30 04:00:00,12466.965560600001,612.2053606000009,11854.7602,311
2017-08-31 04:00:00,12514.1442606,612.2053606000009,11901.9389,311
2017-09-01 04:00:00,12517.7829606,612.2053606000009,11905.577599999999,311
2017-09-05 04:00:00,12374.785160600002,612.2053606000009,11762.579800000001,311
2017-09-06 04:00:00,12362.469560600002,612.2053606000009,11750.264200000001,311
2017-09-07 04:00:00,12315.2908606,612.2053606000009,11703.0855,311
2017-09-08 04:00:00,12124.430160600003,612.2053606000009,11512.224800000002,311
2017-09-11 04:00:00,12332.706860600001,612.2053606000009,11720.5015,311
2017-09-12 04:00:00,12286.2745606,612.2053606000009,11674.0692,311
2017-09-13 04:00:00,12198.448160600003,612.2053606000009,11586.242800000002,311
2017-09-14 04:00:00,12099.0214606,612.2053606000009,11486.8161,311
2017-09-15 04:00:00,12215.148860600002,612.2053606000009,11602.943500000001,311
2017-09-18 04:00:00,12127.3224606,612.2053606000009,11515.1171,311
2017-09-19 04:00:00,12131.676460600002,612.2053606000009,11519.4711,311
2017-09-20 04:00:00,11938.638760600003,612.2053606000009,11326.433400000002,311
2017-09-21 04:00:00,11744.1393606,612.2053606000009,11131.934,311
2017-09-22 04:00:00,11635.289360600002,612.2053606000009,11023.084,311
2017-09-25 04:00:00,11538.039660600001,612.2053606000009,10925.8343,311
2017-09-26 04:00:00,11726.008060600001,612.2053606000009,11113.8027,311
2017-09-27 04:00:00,11805.095360600002,612.2053606000009,11192.890000000001,311
2017-09-28 04:00:00,11736.146660600001,612.2053606000009,11123.9413,311
2017-09-29 04:00:00,11797.1337606,612.2053606000009,11184.928399999999,311
2017-10-02 04:00:00,11763.454948600001,11763.454948600001,0.0,0
2017-10-03 04:00:00,11763.454948600001,11763.454948600001,0.0,0
2017-10-04 04:00:00,11763.454948600001,11763.454948600001,0.0,0
2017-10-05 04:00:00,11763.454948600001,11763.454948600001,0.0,0
2017-10-06 04:00:00,11763.454948600001,11763.454948600001,0.0,0
2017-10-09 04:00:00,11763.454948600001,11763.454948600001,0.0,0
2017-10-10 04:00:00,11763.454948600001,11763.454948600001,0.0,0
2017-10-11 04:00:00,11763.454948600001,11763.454948600001,0.0,0
2017-10-12 04:00:00,11763.454948600001,11763.454948600001,0.0,0
2017-10-13 04:00:00,11763.454948600001,11763.454948600001,0.0,0
2017-10-16 04:00:00,11763.454948600001,11763.454948600001,0.0,0
2017-10-17 04:00:00,11763.454948600001,11763.454948600001,0.0,0
2017-10-18 04:00:00,11763.454948600001,11763.454948600001,0.0,0
2017-10-19 04:00:00,11763.454948600001,11763.454948600001,0.0,0
2017-10-20 04:00:00,11763.454948600001,11763.454948600001,0.0,0
2017-10-23 04:00:00,11763.454948600001,11763.454948600001,0.0,0
2017-10-24 04:00:00,11763.454948600001,11763.454948600001,0.0,0
2017-10-25 04:00:00,11763.454948600001,11763.454948600001,0.0,0
2017-10-26 04:00:00,11763.454948600001,11763.454948600001,0.0,0
2017-10-27 04:00:00,11763.454948600001,11763.454948600001,0.0,0
2017-10-30 04:00:00,11763.454948600001,11763.454948600001,0.0,0
2017-10-31 04:00:00,11763.454948600001,11763.454948600001,0.0,0
2017-11-01 04:00:00,11752.316878800002,614.2470788000028,11138.0698,286
2017-11-02 04:00:00,11833.741078800003,614.2470788000028,11219.494,286
2017-11-03 04:00:00,12126.719478800003,614.2470788000028,11512.4724,286
2017-11-06 05:00:00,12243.521878800002,614.2470788000028,11629.2748,286
2017-11-07 05:00:00,12280.873478800004,614.2470788000028,11666.626400000001,286
2017-11-08 05:00:00,12376.311678800002,614.2470788000028,11762.0646,286
2017-11-09 05:00:00,12352.287678800003,614.2470788000028,11738.0406,286
2017-11-10 05:00:00,12313.448878800004,614.2470788000028,11699.2018,286
2017-11-13 05:00:00,12266.544878800003,614.2470788000028,11652.2978,286
2017-11-14 05:00:00,12090.397478800001,614.2470788000028,11476.150399999999,286
2017-11-15 05:00:00,11939.046278800002,614.2470788000028,11324.7992,286
2017-11-16 05:00:00,12074.324278800003,614.2470788000028,11460.0772,286
2017-11-17 05:00:00,12010.689278800004,614.2470788000028,11396.442200000001,286
2017-11-20 05:00:00,11999.306478800001,614.2470788000028,11385.059399999998,286
2017-11-21 05:00:00,12210.975078800004,614.2470788000028,11596.728000000001,286
2017-11-22 05:00:00,12332.868278800004,614.2470788000028,11718.621200000001,286
2017-11-24 05:00:00,12333.554678800003,614.2470788000028,11719.3076,286
2017-11-27 05:00:00,12274.610078800002,614.2470788000028,11660.363,286
2017-11-28 05:00:00,12206.284678800002,614.2470788000028,11592.0376,286
2017-11-29 05:00:00,11965.815878800004,614.2470788000028,11351.568800000001,286
2017-11-30 05:00:00,12124.574478800003,614.2470788000028,11510.3274,286
2017-12-01 05:00:00,12070.978078800003,614.2470788000028,11456.731,286
2017-12-04 05:00:00,11987.265878800003,614.2470788000028,11373.0188,286
2017-12-05 05:00:00,11976.540878800002,614.2470788000028,11362.2938,286
2017-12-06 05:00:00,11934.355878800005,614.2470788000028,11320.108800000002,286
2017-12-07 05:00:00,11955.119478800003,614.2470788000028,11340.8724,286
2017-12-08 05:00:00,11958.465678800003,614.2470788000028,11344.2186,286
2017-12-11 05:00:00,12179.486478800003,614.2470788000028,11565.2394,286
2017-12-12 05:00:00,12114.507278800003,614.2470788000028,11500.2602,286
2017-12-13 05:00:00,12152.688278800004,614.2470788000028,11538.441200000001,286
2017-12-14 05:00:00,12149.342078800004,614.2470788000028,11535.095000000001,286
2017-12-15 05:00:00,12266.544878800003,614.2470788000028,11652.2978,286
2017-12-18 05:00:00,12430.651678800003,614.2470788000028,11816.4046,286
2017-12-19 05:00:00,12304.725878800002,614.2470788000028,11690.478799999999,286
2017-12-20 05:00:00,12291.998878800003,614.2470788000028,11677.7518,286
2017-12-21 05:00:00,12336.214478800002,614.2470788000028,11721.9674,286
2017-12-22 05:00:00,12336.214478800002,614.2470788000028,11721.9674,286
2017-12-26 05:00:00,12038.831678800003,614.2470788000028,11424.5846,286
2017-12-27 05:00:00,12040.833678800003,614.2470788000028,11426.5866,286
2017-12-28 05:00:00,12072.980078800003,614.2470788000028,11458.733,286
2017-12-29 05:00:00,11949.084878800002,614.2470788000028,11334.8378,286
2018-01-02 05:00:00,12152.030478800003,614.2470788000028,11537.7834,286
2018-01-03 05:00:00,12150.028478800003,614.2470788000028,11535.7814,286
2018-01-04 05:00:00,12203.596278800002,614.2470788000028,11589.349199999999,286
2018-01-05 05:00:00,12335.556678800003,614.2470788000028,11721.3096,286
2018-01-08 05:00:00,12291.998878800003,614.2470788000028,11677.7518,286
2018-01-09 05:00:00,12290.683278800003,614.2470788000028,11676.4362,286
2018-01-10 05:00:00,12287.994878800004,614.2470788000028,11673.747800000001,286
2018-01-11 05:00:00,12354.289678800003,614.2470788000028,11740.0426,286
2018-01-12 05:00:00,12475.525078800003,614.2470788000028,11861.278,286
2018-01-16 05:00:00,12415.264878800004,614.2470788000028,11801.017800000001,286
2018-01-17 05:00:00,12610.173878800004,614.2470788000028,11995.926800000001,286
2018-01-18 05:00:00,12620.870278800003,614.2470788000028,12006.6232,286
2018-01-19 05:00:00,12567.302478800004,614.2470788000028,11953.055400000001,286
2018-01-22 05:00:00,12469.519078800002,614.2470788000028,11855.271999999999,286
2018-01-23 05:00:00,12472.178878800003,614.2470788000028,11857.9318,286
2018-01-24 05:00:00,12283.304478800002,614.2470788000028,11669.0574,286
2018-01-25 05:00:00,12075.010678800003,614.2470788000028,11460.7636,286
2018-01-26 05:00:00,12101.780278800004,614.2470788000028,11487.533200000002,286
2018-01-29 05:00:00,11864.028478800003,614.2470788000028,11249.7814,286
2018-01-30 05:00:00,11797.705078800003,614.2470788000028,11183.458,286
2018-01-31 05:00:00,11828.507278800003,614.2470788000028,11214.2602,286
2018-02-01 05:00:00,11851.959278800005,614.2470788000028,11237.712200000002,286
2018-02-02 05:00:00,11364.357878800003,614.2470788000028,10750.1108,286
2018-02-05 05:00:00,11095.775278800002,614.2470788000028,10481.528199999999,286
2018-02-06 05:00:00,11522.893313000002,11522.893313000002,0.0,0
2018-02-07 05:00:00,11522.893313000002,11522.893313000002,0.0,0
2018-02-08 05:00:00,11522.893313000002,11522.893313000002,0.0,0
2018-02-09 05:00:00,11522.893313000002,11522.893313000002,0.0,0
2018-02-12 05:00:00,11522.893313000002,11522.893313000002,0.0,0
2018-02-13 05:00:00,11522.893313000002,11522.893313000002,0.0,0
2018-02-14 05:00:00,11522.893313000002,11522.893313000002,0.0,0
2018-02-15 05:00:00,11522.893313000002,11522.893313000002,0.0,0
2018-02-16 05:00:00,11522.893313000002,11522.893313000002,0.0,0
2018-02-20 05:00:00,11522.893313000002,11522.893313000002,0.0,0
2018-02-21 05:00:00,11522.893313000002,11522.893313000002,0.0,0
2018-02-22 05:00:00,11522.893313000002,11522.893313000002,0.0,0
2018-02-23 05:00:00,11522.893313000002,11522.893313000002,0.0,0
2018-02-26 05:00:00,11522.893313000002,11522.893313000002,0.0,0
2018-02-27 05:00:00,11522.893313000002,11522.893313000002,0.0,0
2018-02-28 05:00:00,11522.893313000002,11522.893313000002,0.0,0
2018-03-01 05:00:00,11522.893313000002,11522.893313000002,0.0,0
2018-03-02 05:00:00,11522.893313000002,11522.893313000002,0.0,0
2018-03-05 05:00:00,11522.893313000002,11522.893313000002,0.0,0
2018-03-06 05:00:00,11522.893313000002,11522.893313000002,0.0,0
2018-03-07 05:00:00,11522.893313000002,11522.893313000002,0.0,0
2018-03-08 05:00:00,11511.950698300003,569.3359983000028,10942.6147,263
2018-03-09 05:00:00,11699.943098300002,569.3359983000028,11130.6071,263
2018-03-12 04:00:00,11807.562698300002,569.3359983000028,11238.2267,263
2018-03-13 04:00:00,11699.311898300002,569.3359983000028,11129.9759,263
2018-03-14 04:00:00,11604.710798300002,569.3359983000028,11035.3748,263
2018-03-15 04:00:00,11617.702998300003,569.3359983000028,11048.367,263
2018-03-16 04:00:00,11578.726398300003,569.3359983000028,11009.3904,263
2018-03-19 04:00:00,11410.511598300003,569.3359983000028,10841.1756,263
2018-03-20 04:00:00,11406.803298300001,569.3359983000028,10837.467299999998,263
2018-03-21 04:00:00,11161.292798300003,569.3359983000028,10591.9568,263
2018-03-22 04:00:00,11011.619498300004,569.3359983000028,10442.283500000001,263
2018-03-23 04:00:00,10769.817298300002,569.3359983000028,10200.4813,263
2018-03-26 04:00:00,11254.052898300002,569.3359983000028,10684.7169,263
2018-03-27 04:00:00,10980.085798300002,569.3359983000028,10410.7498,263
2018-03-28 04:00:00,10865.049598300002,569.3359983000028,10295.7136,263
2018-03-29 04:00:00,10945.448698300002,569.3359983000028,10376.1127,263
2018-04-02 04:00:00,10877.410598300003,569.3359983000028,10308.0746,263
2018-04-03 04:00:00,10983.162898300003,569.3359983000028,10413.8269,263
2018-04-04 04:00:00,11182.306498300002,569.3359983000028,10612.9705,263
2018-04-05 04:00:00,11255.920198300004,569.3359983000028,10686.584200000001,263
2018-04-06 04:00:00,10982.557998300003,569.3359983000028,10413.222,263
2018-04-09 04:00:00,11085.838098300002,569.3359983000028,10516.5021,263
2018-04-10 04:00:00,11283.745598300002,569.3359983000028,10714.409599999999,263
2018-04-11 04:00:00,11233.644098300001,569.3359983000028,10664.308099999998,263
2018-04-12 04:00:00,11338.765198300003,569.3359983000028,10769.4292,263
2018-04-13 04:00:00,11364.463664700002,11364.463664700002,0.0,0
2018-04-16 04:00:00,11364.463664700002,11364.463664700002,0.0,0
2018-04-17 04:00:00,11364.463664700002,11364.463664700002,0.0,0
2018-04-18 04:00:00,11364.463664700002,11364.463664700002,0.0,0
2018-04-19 04:00:00,11364.463664700002,11364.463664700002,0.0,0
2018-04-20 04:00:00,11364.463664700002,11364.463664700002,0.0,0
2018-04-23 04:00:00,11364.463664700002,11364.463664700002,0.0,0
2018-04-24 04:00:00,11364.463664700002,11364.463664700002,0.0,0
2018-04-25 04:00:00,11364.463664700002,11364.463664700002,0.0,0
2018-04-26 04:00:00,11364.463664700002,11364.463664700002,0.0,0
2018-04-27 04:00:00,11364.463664700002,11364.463664700002,0.0,0
2018-04-30 04:00:00,11364.463664700002,11364.463664700002,0.0,0
2018-05-01 04:00:00,11364.463664700002,11364.463664700002,0.0,0
2018-05-02 04:00:00,11364.463664700002,11364.463664700002,0.0,0
2018-05-03 04:00:00,11364.463664700002,11364.463664700002,0.0,0
2018-05-04 04:00:00,11364.463664700002,11364.463664700002,0.0,0
2018-05-07 04:00:00,11364.463664700002,11364.463664700002,0.0,0
2018-05-08 04:00:00,11364.463664700002,11364.463664700002,0.0,0
2018-05-09 04:00:00,11364.463664700002,11364.463664700002,0.0,0
2018-05-10 04:00:00,11364.463664700002,11364.463664700002,0.0,0
2018-05-11 04:00:00,11364.463664700002,11364.463664700002,0.0,0
2018-05-14 04:00:00,11364.463664700002,11364.463664700002,0.0,0
2018-05-15 04:00:00,11364.463664700002,11364.463664700002,0.0,0
2018-05-16 04:00:00,11364.463664700002,11364.463664700002,0.0,0
2018-05-17 04:00:00,11364.463664700002,11364.463664700002,0.0,0
2018-05-18 04:00:00,11364.463664700002,11364.463664700002,0.0,0
2018-05-21 04:00:00,11364.463664700002,11364.463664700002,0.0,0
2018-05-22 04:00:00,11364.463664700002,11364.463664700002,0.0,0
2018-05-23 04:00:00,11364.463664700002,11364.463664700002,0.0,0
2018-05-24 04:00:00,11364.463664700002,11364.463664700002,0.0,0
2018-05-25 04:00:00,11364.463664700002,11364.463664700002,0.0,0
2018-05-29 04:00:00,11364.463664700002,11364.463664700002,0.0,0
2018-05-30 04:00:00,11364.463664700002,11364.463664700002,0.0,0
2018-05-31 04:00:00,11364.463664700002,11364.463664700002,0.0,0
2018-06-01 04:00:00,11364.463664700002,11364.463664700002,0.0,0
2018-06-04 04:00:00,11364.463664700002,11364.463664700002,0.0,0
2018-06-05 04:00:00,11364.463664700002,11364.463664700002,0.0,0
2018-06-06 04:00:00,11364.463664700002,11364.463664700002,0.0,0
2018-06-07 04:00:00,11364.463664700002,11364.463664700002,0.0,0
2018-06-08 04:00:00,11364.463664700002,11364.463664700002,0.0,0
2018-06-11 04:00:00,11364.463664700002,11364.463664700002,0.0,0
2018-06-12 04:00:00,11364.463664700002,11364.463664700002,0.0,0
2018-06-13 04:00:00,11364.463664700002,11364.463664700002,0.0,0
2018-06-14 04:00:00,11364.463664700002,11364.463664700002,0.0,0
2018-06-15 04:00:00,11364.463664700002,11364.463664700002,0.0,0
2018-06-18 04:00:00,11364.463664700002,11364.463664700002,0.0,0
2018-06-19 04:00:00,11364.463664700002,11364.463664700002,0.0,0
2018-06-20 04:00:00,11364.463664700002,11364.463664700002,0.0,0
2018-06-21 04:00:00,11364.463664700002,11364.463664700002,0.0,0
2018-06-22 04:00:00,11364.463664700002,11364.463664700002,0.0,0
2018-06-25 04:00:00,11364.463664700002,11364.463664700002,0.0,0
2018-06-26 04:00:00,11364.463664700002,11364.463664700002,0.0,0
2018-06-27 04:00:00,11364.463664700002,11364.463664700002,0.0,0
2018-06-28 04:00:00,11364.463664700002,11364.463664700002,0.0,0
2018-06-29 04:00:00,11364.463664700002,11364.463664700002,0.0,0
2018-07-02 04:00:00,11364.463664700002,11364.463664700002,0.0,0
2018-07-03 04:00:00,11364.463664700002,11364.463664700002,0.0,0
2018-07-05 04:00:00,11364.463664700002,11364.463664700002,0.0,0
2018-07-06 04:00:00,11364.463664700002,11364.463664700002,0.0,0
2018-07-09 04:00:00,11364.463664700002,11364.463664700002,0.0,0
2018-07-10 04:00:00,11364.463664700002,11364.463664700002,0.0,0
2018-07-11 04:00:00,11364.463664700002,11364.463664700002,0.0,0
2018-07-12 04:00:00,11364.463664700002,11364.463664700002,0.0,0
2018-07-13 04:00:00,11364.463664700002,11364.463664700002,0.0,0
2018-07-16 04:00:00,11364.463664700002,11364.463664700002,0.0,0
2018-07-17 04:00:00,11364.463664700002,11364.463664700002,0.0,0
2018-07-18 04:00:00,11364.463664700002,11364.463664700002,0.0,0
2018-07-19 04:00:00,11364.463664700002,11364.463664700002,0.0,0
2018-07-20 04:00:00,11364.463664700002,11364.463664700002,0.0,0
2018-07-23 04:00:00,11364.463664700002,11364.463664700002,0.0,0
2018-07-24 04:00:00,11353.711905900003,601.9531059000019,10751.758800000001,236
2018-07-25 04:00:00,11455.097505900003,601.9531059000019,10853.144400000001,236
2018-07-26 04:00:00,11421.1135059,601.9531059000019,10819.160399999999,236
2018-07-27 04:00:00,11241.187105900002,601.9531059000019,10639.234,236
2018-07-30 04:00:00,11181.573505900002,601.9531059000019,10579.6204,236
2018-07-31 04:00:00,11202.742705900002,601.9531059000019,10600.7896,236
2018-08-01 04:00:00,11827.245905900001,601.9531059000019,11225.2928,236
2018-08-02 04:00:00,12155.356705900002,601.9531059000019,11553.4036,236
2018-08-03 04:00:00,12188.797905900003,601.9531059000019,11586.8448,236
2018-08-06 04:00:00,12248.954305900003,601.9531059000019,11647.0012,236
2018-08-07 04:00:00,12139.757105900002,601.9531059000019,11537.804,236
2018-08-08 04:00:00,12147.568705900003,601.9531059000019,11545.615600000001,236
2018-08-09 04:00:00,12238.357905900002,601.9531059000019,11636.4048,236
2018-08-10 04:00:00,12203.7131059,601.9531059000019,11601.759999999998,236
2018-08-13 04:00:00,12278.619505900002,601.9531059000019,11676.6664,236
2018-08-14 04:00:00,12327.801905900002,601.9531059000019,11725.8488,236
2018-08-15 04:00:00,12355.201505900002,601.9531059000019,11753.2484,236
2018-08-16 04:00:00,12527.387105900003,601.9531059000019,11925.434000000001,236
2018-08-17 04:00:00,12765.534705900001,601.9531059000019,12163.5816,236
2018-08-20 04:00:00,12647.039105900001,601.9531059000019,12045.086,236
2018-08-21 04:00:00,12623.557105900001,601.9531059000019,12021.604,236
2018-08-22 04:00:00,12624.099905900002,601.9531059000019,12022.1468,236
2018-08-23 04:00:00,12648.691105900001,601.9531059000019,12046.738,236
2018-08-24 04:00:00,12686.167905900003,601.9531059000019,12084.214800000002,236
2018-08-27 04:00:00,12785.665505900002,601.9531059000019,12183.7124,236
2018-08-28 04:00:00,12884.053905900002,601.9531059000019,12282.1008,236
2018-08-29 04:00:00,13067.425905900001,601.9531059000019,12465.4728,236
2018-08-30 04:00:00,13182.027505900001,601.9531059000019,12580.0744,236
2018-08-31 04:00:00,13327.379905900003,601.9531059000019,12725.426800000001,236
2018-09-04 04:00:00,13368.184305900002,601.9531059000019,12766.2312,236
2018-09-05 04:00:00,13284.899905900002,601.9531059000019,12682.9468,236
2018-09-06 04:00:00,13074.128305900002,601.9531059000019,12472.1752,236
2018-09-07 04:00:00,12973.497905900002,601.9531059000019,12371.5448,236
2018-09-10 04:00:00,12807.471905900002,601.9531059000019,12205.5188,236
2018-09-11 04:00:00,13116.065505900002,601.9531059000019,12514.1124,236
2018-09-12 04:00:00,12960.635905900002,601.9531059000019,12358.6828,236
2018-09-13 04:00:00,13259.175905900001,601.9531059000019,12657.2228,236
2018-09-14 04:00:00,13115.499105900002,601.9531059000019,12513.546,236
2018-09-17 04:00:00,12782.314305900001,601.9531059000019,12180.3612,236
2018-09-18 04:00:00,12802.445105900002,601.9531059000019,12200.492,236
2018-09-19 04:00:00,12809.713905900002,601.9531059000019,12207.7608,236
2018-09-20 04:00:00,12902.509105900002,601.9531059000019,12300.556,236
2018-09-21 04:00:00,12770.018705900002,601.9531059000019,12168.0656,236
2018-09-24 04:00:00,12944.989105900002,601.9531059000019,12343.036,236
2018-09-25 04:00:00,13023.270305900001,601.9531059000019,12421.3172,236
2018-09-26 04:00:00,12924.315505900002,601.9531059000019,12322.3624,236
2018-09-27 04:00:00,13177.543505900003,601.9531059000019,12575.590400000001,236
2018-09-28 04:00:00,13221.722705900002,601.9531059000019,12619.7696,236
2018-10-01 04:00:00,13306.6827059,601.9531059000019,12704.729599999999,236
2018-10-02 04:00:00,13419.608705900002,601.9531059000019,12817.6556,236
2018-10-03 04:00:00,13575.581105900003,601.9531059000019,12973.628,236
2018-10-04 04:00:00,13347.510705900002,601.9531059000019,12745.5576,236
2018-10-05 04:00:00,13140.6567059,601.9531059000019,12538.703599999999,236
2018-10-08 04:00:00,13111.581505900002,601.9531059000019,12509.6284,236
2018-10-09 04:00:00,13284.899905900002,601.9531059000019,12682.9468,236
2018-10-10 04:00:00,12697.354305900002,601.9531059000019,12095.4012,236
2018-10-11 04:00:00,12590.564305900001,601.9531059000019,11988.6112,236
2018-10-12 04:00:00,13018.786305900003,601.9531059000019,12416.833200000001,236
2018-10-15 04:00:00,12753.239105900002,601.9531059000019,12151.286,236
2018-10-16 04:00:00,13021.028305900001,601.9531059000019,12419.0752,236
2018-10-17 04:00:00,12967.361905900003,601.9531059000019,12365.408800000001,236
2018-10-18 04:00:00,12678.332705900002,601.9531059000019,12076.3796,236
2018-10-19 04:00:00,12862.247505900003,601.9531059000019,12260.2944,236
2018-10-22 04:00:00,12937.177505900001,601.9531059000019,12335.2244,236
2018-10-23 04:00:00,13053.454705900001,601.9531059000019,12451.5016,236
2018-10-24 04:00:00,12626.341905900003,601.9531059000019,12024.3888,236
2018-10-25 04:00:00,12889.647105900001,601.9531059000019,12287.694,236
2018-10-26 04:00:00,12693.979505900003,601.9531059000019,12092.0264,236
2018-10-29 04:00:00,12455.153240700003,12455.153240700003,0.0,0
2018-10-30 04:00:00,12455.153240700003,12455.153240700003,0.0,0
2018-10-31 04:00:00,12455.153240700003,12455.153240700003,0.0,0
2018-11-01 04:00:00,12455.153240700003,12455.153240700003,0.0,0
2018-11-02 04:00:00,12455.153240700003,12455.153240700003,0.0,0
2018-11-05 05:00:00,12455.153240700003,12455.153240700003,0.0,0
2018-11-06 05:00:00,12455.153240700003,12455.153240700003,0.0,0
2018-11-07 05:00:00,12455.153240700003,12455.153240700003,0.0,0
2018-11-08 05:00:00,12455.153240700003,12455.153240700003,0.0,0
2018-11-09 05:00:00,12455.153240700003,12455.153240700003,0.0,0
2018-11-12 05:00:00,12455.153240700003,12455.153240700003,0.0,0
2018-11-13 05:00:00,12455.153240700003,12455.153240700003,0.0,0
2018-11-14 05:00:00,12455.153240700003,12455.153240700003,0.0,0
2018-11-15 05:00:00,12455.153240700003,12455.153240700003,0.0,0
2018-11-16 05:00:00,12455.153240700003,12455.153240700003,0.0,0
2018-11-19 05:00:00,12455.153240700003,12455.153240700003,0.0,0
2018-11-20 05:00:00,12455.153240700003,12455.153240700003,0.0,0
2018-11-21 05:00:00,12455.153240700003,12455.153240700003,0.0,0
2018-11-23 05:00:00,12455.153240700003,12455.153240700003,0.0,0
2018-11-26 05:00:00,12455.153240700003,12455.153240700003,0.0,0
2018-11-27 05:00:00,12455.153240700003,12455.153240700003,0.0,0
2018-11-28 05:00:00,12455.153240700003,12455.153240700003,0.0,0
2018-11-29 05:00:00,12455.153240700003,12455.153240700003,0.0,0
2018-11-30 05:00:00,12455.153240700003,12455.153240700003,0.0,0
2018-12-03 05:00:00,12455.153240700003,12455.153240700003,0.0,0
2018-12-04 05:00:00,12455.153240700003,12455.153240700003,0.0,0
2018-12-06 05:00:00,12455.153240700003,12455.153240700003,0.0,0
2018-12-07 05:00:00,12455.153240700003,12455.153240700003,0.0,0
2018-12-10 05:00:00,12455.153240700003,12455.153240700003,0.0,0
2018-12-11 05:00:00,12455.153240700003,12455.153240700003,0.0,0
2018-12-12 05:00:00,12455.153240700003,12455.153240700003,0.0,0
2018-12-13 05:00:00,12455.153240700003,12455.153240700003,0.0,0
2018-12-14 05:00:00,12455.153240700003,12455.153240700003,0.0,0
2018-12-17 05:00:00,12455.153240700003,12455.153240700003,0.0,0
2018-12-18 05:00:00,12455.153240700003,12455.153240700003,0.0,0
2018-12-19 05:00:00,12455.153240700003,12455.153240700003,0.0,0
2018-12-20 05:00:00,12455.153240700003,12455.153240700003,0.0,0
2018-12-21 05:00:00,12455.153240700003,12455.153240700003,0.0,0
2018-12-24 05:00:00,12455.153240700003,12455.153240700003,0.0,0
2018-12-26 05:00:00,12455.153240700003,12455.153240700003,0.0,0
2018-12-27 05:00:00,12455.153240700003,12455.153240700003,0.0,0
2018-12-28 05:00:00,12455.153240700003,12455.153240700003,0.0,0
2018-12-31 05:00:00,12455.153240700003,12455.153240700003,0.0,0
2019-01-02 05:00:00,12455.153240700003,12455.153240700003,0.0,0
2019-01-03 05:00:00,12455.153240700003,12455.153240700003,0.0,0
2019-01-04 05:00:00,12455.153240700003,12455.153240700003,0.0,0
2019-01-07 05:00:00,12455.153240700003,12455.153240700003,0.0,0
2019-01-08 05:00:00,12455.153240700003,12455.153240700003,0.0,0
2019-01-09 05:00:00,12455.153240700003,12455.153240700003,0.0,0
2019-01-10 05:00:00,12455.153240700003,12455.153240700003,0.0,0
2019-01-11 05:00:00,12455.153240700003,12455.153240700003,0.0,0
2019-01-14 05:00:00,12455.153240700003,12455.153240700003,0.0,0
2019-01-15 05:00:00,12455.153240700003,12455.153240700003,0.0,0
2019-01-16 05:00:00,12455.153240700003,12455.153240700003,0.0,0
2019-01-17 05:00:00,12455.153240700003,12455.153240700003,0.0,0
2019-01-18 05:00:00,12455.153240700003,12455.153240700003,0.0,0
2019-01-22 05:00:00,12455.153240700003,12455.153240700003,0.0,0
2019-01-23 05:00:00,12455.153240700003,12455.153240700003,0.0,0
2019-01-24 05:00:00,12455.153240700003,12455.153240700003,0.0,0
2019-01-25 05:00:00,12455.153240700003,12455.153240700003,0.0,0
2019-01-28 05:00:00,12455.153240700003,12455.153240700003,0.0,0
2019-01-29 05:00:00,12455.153240700003,12455.153240700003,0.0,0
2019-01-30 05:00:00,12455.153240700003,12455.153240700003,0.0,0
2019-01-31 05:00:00,12455.153240700003,12455.153240700003,0.0,0
2019-02-01 05:00:00,12455.153240700003,12455.153240700003,0.0,0
2019-02-04 05:00:00,12455.153240700003,12455.153240700003,0.0,0
2019-02-05 05:00:00,12455.153240700003,12455.153240700003,0.0,0
2019-02-06 05:00:00,12455.153240700003,12455.153240700003,0.0,0
2019-02-07 05:00:00,12455.153240700003,12455.153240700003,0.0,0
2019-02-08 05:00:00,12455.153240700003,12455.153240700003,0.0,0
2019-02-11 05:00:00,12455.153240700003,12455.153240700003,0.0,0
2019-02-12 05:00:00,12443.322371700004,612.4533717000031,11830.869,290
2019-02-13 05:00:00,12394.167371700005,612.4533717000031,11781.714000000002,290
2019-02-14 05:00:00,12437.087371700003,612.4533717000031,11824.634,290
2019-02-15 05:00:00,12410.784371700003,612.4533717000031,11798.331,290
2019-02-19 05:00:00,12446.106371700003,612.4533717000031,11833.653,290
2019-02-20 05:00:00,12522.260371700004,612.4533717000031,11909.807,290
2019-02-21 05:00:00,12455.096371700003,612.4533717000031,11842.643,290
2019-02-22 05:00:00,12587.336371700005,612.4533717000031,11974.883000000002,290
2019-02-25 05:00:00,12674.568371700003,612.4533717000031,12062.115,290
2019-02-26 05:00:00,12681.470371700003,612.4533717000031,12069.017,290
2019-02-27 05:00:00,12718.851371700004,612.4533717000031,12106.398000000001,290
2019-02-28 05:00:00,12599.777371700004,612.4533717000031,11987.324,290
2019-03-01 05:00:00,12725.782371700003,612.4533717000031,12113.329,290
2019-03-04 05:00:00,12786.711371700005,612.4533717000031,12174.258000000002,290
2019-03-05 05:00:00,12764.555371700002,612.4533717000031,12152.101999999999,290
2019-03-06 05:00:00,12694.636371700004,612.4533717000031,12082.183,290
2019-03-07 05:00:00,12554.798371700004,612.4533717000031,11942.345000000001,290
2019-03-08 05:00:00,12583.160371700003,612.4533717000031,11970.707,290
2019-03-11 04:00:00,12997.860371700004,612.4533717000031,12385.407000000001,290
2019-03-12 04:00:00,13137.031371700004,612.4533717000031,12524.578000000001,290
2019-03-13 04:00:00,13192.392371700003,612.4533717000031,12579.939,290
2019-03-14 04:00:00,13332.259371700004,612.4533717000031,12719.806,290
2019-03-15 04:00:00,13497.704371700003,612.4533717000031,12885.251,290
2019-03-18 04:00:00,13629.248371700003,612.4533717000031,13016.795,290
2019-03-19 04:00:00,13526.095371700003,612.4533717000031,12913.642,290
2019-03-20 04:00:00,13638.934371700003,612.4533717000031,13026.481,290
2019-03-21 04:00:00,14118.710371700005,612.4533717000031,13506.257000000001,290
2019-03-22 04:00:00,13839.005371700005,612.4533717000031,13226.552000000001,290
2019-03-25 04:00:00,13679.099371700004,612.4533717000031,13066.646,290
2019-03-26 04:00:00,13544.104371700003,612.4533717000031,12931.651,290
2019-03-27 04:00:00,13660.394371700002,612.4533717000031,13047.940999999999,290
2019-03-28 04:00:00,13677.707371700002,612.4533717000031,13065.253999999999,290
2019-03-29 04:00:00,13762.851371700004,612.4533717000031,13150.398000000001,290
2019-04-01 04:00:00,13852.171371700004,612.4533717000031,13239.718,290
2019-04-02 04:00:00,14044.644371700004,612.4533717000031,13432.191,290
2019-04-03 04:00:00,14136.719371700003,612.4533717000031,13524.266,290
2019-04-04 04:00:00,14160.238371700005,612.4533717000031,13547.785000000002,290
2019-04-05 04:00:00,14250.950371700003,612.4533717000031,13638.497,290
2019-04-08 04:00:00,14465.550371700003,612.4533717000031,13853.097,290
2019-04-09 04:00:00,14424.022371700003,612.4533717000031,13811.569,290
2019-04-10 04:00:00,14501.568371700005,612.4533717000031,13889.115000000002,290
2019-04-11 04:00:00,14385.945371700003,612.4533717000031,13773.492,290
2019-04-12 04:00:00,14380.406371700004,612.4533717000031,13767.953000000001,290
2019-04-15 04:00:00,14405.317371700003,612.4533717000031,13792.864,290
2019-04-16 04:00:00,14406.709371700004,612.4533717000031,13794.256000000001,290
2019-04-17 04:00:00,14675.336371700003,612.4533717000031,14062.883,290
2019-04-18 04:00:00,14725.854371700003,612.4533717000031,14113.401,290
2019-04-22 04:00:00,14772.254371700004,612.4533717000031,14159.801000000001,290
2019-04-23 04:00:00,14976.472371700003,612.4533717000031,14364.019,290
2019-04-24 04:00:00,14954.345371700003,612.4533717000031,14341.892,290
2019-04-25 04:00:00,14824.164371700002,612.4533717000031,14211.711,290
2019-04-26 04:00:00,14756.333371700002,612.4533717000031,14143.88,290
2019-04-29 04:00:00,14777.793371700001,612.4533717000031,14165.339999999998,290
2019-04-30 04:00:00,14505.019371700004,612.4533717000031,13892.566,290
2019-05-01 04:00:00,15186.954371700003,612.4533717000031,14574.501,290
2019-05-02 04:00:00,15092.095371700003,612.4533717000031,14479.642,290
2019-05-03 04:00:00,15272.098371700004,612.4533717000031,14659.645,290
2019-05-06 04:00:00,15045.724371700004,612.4533717000031,14433.271,290
2019-05-07 04:00:00,14656.631371700003,612.4533717000031,14044.178,290
2019-05-08 04:00:00,14659.415371700004,612.4533717000031,14046.962000000001,290
2019-05-09 04:00:00,14508.470371700003,612.4533717000031,13896.017,290
2019-05-10 04:00:00,14315.968371700004,612.4533717000031,13703.515000000001,290
2019-05-13 04:00:00,13519.541371700003,612.4533717000031,12907.088,290
2019-05-14 04:00:00,13723.846371700003,612.4533717000031,13111.393,290
2019-05-15 04:00:00,13880.910371700003,612.4533717000031,13268.457,290
2019-05-16 04:00:00,13822.533371700003,612.4533717000031,13210.08,290
2019-05-17 04:00:00,13747.481371700003,612.4533717000031,13135.028,290
2019-05-20 04:00:00,13336.754371700003,612.4533717000031,12724.301,290
2019-05-21 04:00:00,13580.702371700003,612.4533717000031,12968.249,290
2019-05-22 04:00:00,13315.207371700002,612.4533717000031,12702.753999999999,290
2019-05-23 04:00:00,13098.374371700003,612.4533717000031,12485.921,290
2019-05-24 04:00:00,13037.999387700003,13037.999387700003,0.0,0
2019-05-28 04:00:00,13037.999387700003,13037.999387700003,0.0,0
2019-05-29 04:00:00,13037.999387700003,13037.999387700003,0.0,0
2019-05-30 04:00:00,13037.999387700003,13037.999387700003,0.0,0
2019-05-31 04:00:00,13037.999387700003,13037.999387700003,0.0,0
2019-06-03 04:00:00,13037.999387700003,13037.999387700003,0.0,0
2019-06-04 04:00:00,13037.999387700003,13037.999387700003,0.0,0
2019-06-05 04:00:00,13037.999387700003,13037.999387700003,0.0,0
2019-06-06 04:00:00,13037.999387700003,13037.999387700003,0.0,0
2019-06-07 04:00:00,13037.999387700003,13037.999387700003,0.0,0
2019-06-10 04:00:00,13037.999387700003,13037.999387700003,0.0,0
2019-06-11 04:00:00,13037.999387700003,13037.999387700003,0.0,0
2019-06-12 04:00:00,13037.999387700003,13037.999387700003,0.0,0
2019-06-13 04:00:00,13037.999387700003,13037.999387700003,0.0,0
2019-06-14 04:00:00,13037.999387700003,13037.999387700003,0.0,0
2019-06-17 04:00:00,13037.999387700003,13037.999387700003,0.0,0
2019-06-18 04:00:00,13037.999387700003,13037.999387700003,0.0,0
2019-06-19 04:00:00,13037.999387700003,13037.999387700003,0.0,0
2019-06-20 04:00:00,13037.999387700003,13037.999387700003,0.0,0
2019-06-21 04:00:00,13037.999387700003,13037.999387700003,0.0,0
2019-06-24 04:00:00,13037.999387700003,13037.999387700003,0.0,0
2019-06-25 04:00:00,13037.999387700003,13037.999387700003,0.0,0
2019-06-26 04:00:00,13037.999387700003,13037.999387700003,0.0,0
2019-06-27 04:00:00,13037.999387700003,13037.999387700003,0.0,0
2019-06-28 04:00:00,13037.999387700003,13037.999387700003,0.0,0
2019-07-01 04:00:00,13025.634382900003,660.6295829000028,12365.0048,256
2019-07-02 04:00:00,13098.031182900002,660.6295829000028,12437.4016,256
2019-07-03 04:00:00,13201.096782900002,660.6295829000028,12540.4672,256
2019-07-05 04:00:00,13190.037582900002,660.6295829000028,12529.408,256
2019-07-08 04:00:00,12931.759182900003,660.6295829000028,12271.1296,256
2019-07-09 04:00:00,13006.613582900003,660.6295829000028,12345.984,256
2019-07-10 04:00:00,13128.699982900003,660.6295829000028,12468.0704,256
2019-07-11 04:00:00,13037.896782900003,660.6295829000028,12377.2672,256
2019-07-12 04:00:00,13133.000782900002,660.6295829000028,12472.3712,256
2019-07-15 04:00:00,13250.171982900003,660.6295829000028,12589.5424,256
2019-07-16 04:00:00,13206.600782900003,660.6295829000028,12545.9712,256
2019-07-17 04:00:00,13136.047182900003,660.6295829000028,12475.4176,256
2019-07-18 04:00:00,13277.768782900002,660.6295829000028,12617.1392,256
2019-07-19 04:00:00,13089.429582900002,660.6295829000028,12428.8,256
2019-07-22 04:00:00,13373.487182900002,660.6295829000028,12712.8576,256
2019-07-23 04:00:00,13472.866382900003,660.6295829000028,12812.2368,256
2019-07-24 04:00:00,13462.447182900003,660.6295829000028,12801.8176,256
2019-07-25 04:00:00,13361.224782900003,660.6295829000028,12700.5952,256
2019-07-26 04:00:00,13405.384782900002,660.6295829000028,12744.7552,256
2019-07-29 04:00:00,13524.399182900002,660.6295829000028,12863.7696,256
2019-07-30 04:00:00,13469.179982900003,660.6295829000028,12808.5504,256
2019-07-31 04:00:00,13730.530382900002,660.6295829000028,13069.9008,256
2019-08-01 04:00:00,13447.701582900003,660.6295829000028,12787.072,256
2019-08-02 04:00:00,13177.160782900002,660.6295829000028,12516.5312,256
2019-08-05 04:00:00,12521.954382900003,660.6295829000028,11861.3248,256
2019-08-06 04:00:00,12746.491982900003,660.6295829000028,12085.8624,256
2019-08-07 04:00:00,12871.650382900003,660.6295829000028,12211.0208,256
2019-08-08 04:00:00,13140.962382900003,660.6295829000028,12480.3328,256
2019-08-09 04:00:00,13038.127182900003,660.6295829000028,12377.4976,256
2019-08-12 04:00:00,13006.715982900003,660.6295829000028,12346.0864,256
2019-08-13 04:00:00,13529.544782900002,660.6295829000028,12868.9152,256
2019-08-14 04:00:00,13146.517582900004,660.6295829000028,12485.888,256
2019-08-15 04:00:00,13084.309582900003,660.6295829000028,12423.68,256
2019-08-16 04:00:00,13377.455182900003,660.6295829000028,12716.8256,256
2019-08-19 04:00:00,13614.536782900002,660.6295829000028,12953.9072,256
2019-08-20 04:00:00,13615.151182900003,660.6295829000028,12954.5216,256
2019-08-21 04:00:00,13755.567182900002,660.6295829000028,13094.9376,256
2019-08-22 04:00:00,13744.482382900003,660.6295829000028,13083.8528,256
2019-08-23 04:00:00,13139.733582900002,660.6295829000028,12479.104,256
2019-08-26 04:00:00,13376.815182900003,660.6295829000028,12716.1856,256
2019-08-27 04:00:00,13233.327182900002,660.6295829000028,12572.6976,256
2019-08-28 04:00:00,13317.704782900002,660.6295829000028,12657.0752,256
2019-08-29 04:00:00,13532.027982900003,660.6295829000028,12871.3984,256
2019-08-30 04:00:00,13515.387982900003,660.6295829000028,12854.7584,256
2019-09-03 04:00:00,13328.175182900002,660.6295829000028,12667.5456,256
2019-09-04 04:00:00,13543.112782900003,660.6295829000028,12882.4832,256
2019-09-05 04:00:00,13794.965582900002,660.6295829000028,13134.336,256
2019-09-06 04:00:00,13793.736782900003,660.6295829000028,13133.1072,256
2019-09-09 04:00:00,13849.775182900003,660.6295829000028,13189.1456,256
2019-09-10 04:00:00,14005.576782900003,660.6295829000028,13344.9472,256
2019-09-11 04:00:00,14429.896782900003,660.6295829000028,13769.2672,256
2019-09-12 04:00:00,14399.099982900003,660.6295829000028,13738.4704,256
2019-09-13 04:00:00,14131.835982900002,660.6295829000028,13471.2064,256
2019-09-16 04:00:00,14202.645582900002,660.6295829000028,13542.016,256
2019-09-17 04:00:00,14251.925582900003,660.6295829000028,13591.296,256
2019-09-18 04:00:00,14379.387982900003,660.6295829000028,13718.7584,256
2019-09-19 04:00:00,14267.925582900003,660.6295829000028,13607.296,256
2019-09-20 04:00:00,14069.013582900003,660.6295829000028,13408.384,256
2019-09-23 04:00:00,14129.992782900003,660.6295829000028,13469.3632,256
2019-09-24 04:00:00,14065.941582900003,660.6295829000028,13405.312,256
2019-09-25 04:00:00,14272.226382900002,660.6295829000028,13611.5968,256
2019-09-26 04:00:00,14202.031182900002,660.6295829000028,13541.4016,256
2019-09-27 04:00:00,14136.136782900003,660.6295829000028,13475.5072,256
2019-09-30 04:00:00,14453.295182900003,660.6295829000028,13792.6656,256
2019-10-01 04:00:00,14491.464782900002,660.6295829000028,13830.8352,256
2019-10-02 04:00:00,14144.763982900004,660.6295829000028,13484.1344,256
2019-10-03 04:00:00,14259.298382900002,660.6295829000028,13598.6688,256
2019-10-04 04:00:00,14640.507982900002,660.6295829000028,13979.8784,256
2019-10-07 04:00:00,14643.579982900003,660.6295829000028,13982.9504,256
2019-10-08 04:00:00,14479.765582900003,660.6295829000028,13819.136,256
2019-10-09 04:00:00,14641.736782900003,660.6295829000028,13981.1072,256
2019-10-10 04:00:00,14830.178382900003,660.6295829000028,14169.5488,256
2019-10-11 04:00:00,15207.061582900003,660.6295829000028,14546.432,256
2019-10-14 04:00:00,15186.120782900003,660.6295829000028,14525.4912,256
2019-10-15 04:00:00,15152.251982900003,660.6295829000028,14491.6224,256
2019-10-16 04:00:00,15093.755982900002,660.6295829000028,14433.1264,256
2019-10-17 04:00:00,15149.794382900003,660.6295829000028,14489.1648,256
2019-10-18 04:00:00,15219.375182900003,660.6295829000028,14558.7456,256
2019-10-21 04:00:00,15471.867982900003,660.6295829000028,14811.2384,256
2019-10-22 04:00:00,15437.999182900003,660.6295829000028,14777.3696,256
2019-10-23 04:00:00,15636.296782900003,660.6295829000028,14975.6672,256
2019-10-24 04:00:00,15660.923982900003,660.6295829000028,15000.2944,256
2019-10-25 04:00:00,15845.679182900003,660.6295829000028,15185.0496,256
2019-10-28 04:00:00,15997.794382900003,660.6295829000028,15337.1648,256
2019-10-29 04:00:00,15643.055182900003,660.6295829000028,14982.4256,256
2019-10-30 04:00:00,15641.211982900002,660.6295829000028,14980.5824,256
2019-10-31 04:00:00,15979.925582900003,660.6295829000028,15319.296,256
2019-11-01 04:00:00,16414.6903829,660.6295829000028,15754.0608,256
2019-11-04 05:00:00,16518.1655829,660.6295829000028,15857.536,256
2019-11-05 05:00:00,16495.3815829,660.6295829000028,15834.752,256
2019-11-06 05:00:00,16502.1399829,660.6295829000028,15841.5104,256
2019-11-07 05:00:00,16684.9751829,660.6295829000028,16024.3456,256
2019-11-08 05:00:00,16728.827982900002,660.6295829000028,16068.1984,256
2019-11-11 05:00:00,16856.085582900003,660.6295829000028,16195.456,256
2019-11-12 05:00:00,16841.2375829,660.6295829000028,16180.608,256
2019-11-13 05:00:00,16996.296782900004,660.6295829000028,16335.6672,256
2019-11-14 05:00:00,16883.247182900002,660.6295829000028,16222.6176,256
2019-11-15 05:00:00,17075.9639829,660.6295829000028,16415.3344,256
2019-11-18 05:00:00,17158.728782900005,660.6295829000028,16498.0992,256
2019-11-19 05:00:00,17108.706382900004,660.6295829000028,16448.0768,256
2019-11-20 05:00:00,16917.218382900002,660.6295829000028,16256.5888,256
2019-11-21 05:00:00,16844.335182900002,660.6295829000028,16183.7056,256
2019-11-22 05:00:00,16830.127182900003,660.6295829000028,16169.4976,256
2019-11-25 05:00:00,17113.6471829,660.6295829000028,16453.0176,256
2019-11-26 05:00:00,16985.160782900002,660.6295829000028,16324.5312,256
2019-11-27 05:00:00,17204.450382900002,660.6295829000028,16543.8208,256
2019-11-29 05:00:00,17167.9959829,660.6295829000028,16507.3664,256
2019-12-02 05:00:00,16977.1223829,660.6295829000028,16316.4928,256
2019-12-03 05:00:00,16686.203982900002,660.6295829000028,16025.5744,256
2019-12-04 05:00:00,16827.6439829,660.6295829000028,16167.0144,256
2019-12-05 05:00:00,17064.853582900003,660.6295829000028,16404.224,256
2019-12-06 05:00:00,17381.7303829,660.6295829000028,16721.1008,256
2019-12-09 05:00:00,17147.6183829,660.6295829000028,16486.9888,256
2019-12-10 05:00:00,17243.976782900005,660.6295829000028,16583.3472,256
2019-12-11 05:00:00,17385.4167829,660.6295829000028,16724.7872,256
2019-12-12 05:00:00,17428.040782900003,660.6295829000028,16767.4112,256
2019-12-13 05:00:00,17655.957582900002,660.6295829000028,16995.328,256
2019-12-16 05:00:00,17946.875982900005,660.6295829000028,17286.2464,256
2019-12-17 05:00:00,17980.872782900005,660.6295829000028,17320.2432,256
2019-12-18 05:00:00,17939.477582900006,660.6295829000028,17278.848,256
2019-12-19 05:00:00,17956.783182900006,660.6295829000028,17296.1536,256
2019-12-20 05:00:00,17920.943182900002,660.6295829000028,17260.3136,256
2019-12-23 05:00:00,18202.594382900003,660.6295829000028,17541.9648,256
2019-12-24 05:00:00,18219.285582900004,660.6295829000028,17558.656,256
2019-12-26 05:00:00,18567.6503829,660.6295829000028,17907.0208,256
2019-12-27 05:00:00,18560.8663829,660.6295829000028,17900.2368,256
2019-12-30 05:00:00,18667.080782900004,660.6295829000028,18006.4512,256
2019-12-31 05:00:00,18798.6647829,660.6295829000028,18138.0352,256
2020-01-02 05:00:00,19212.5143829,660.6295829000028,18551.8848,256
2020-01-03 05:00:00,19032.1367829,660.6295829000028,18371.5072,256
2020-01-06 05:00:00,19178.5431829,660.6295829000028,18517.9136,256
2020-01-07 05:00:00,19091.451982900006,660.6295829000028,18430.8224,256
2020-01-08 05:00:00,19387.925582900003,660.6295829000028,18727.296,256
2020-01-09 05:00:00,19785.698382900002,660.6295829000028,19125.0688,256
2020-01-10 05:00:00,19828.936782900004,660.6295829000028,19168.3072,256
2020-01-13 05:00:00,20238.4599829,660.6295829000028,19577.8304,256
2020-01-14 05:00:00,19974.088782900006,660.6295829000028,19313.4592,256
2020-01-15 05:00:00,19891.3239829,660.6295829000028,19230.6944,256
2020-01-16 05:00:00,20132.219982900002,660.6295829000028,19471.5904,256
2020-01-17 05:00:00,20347.797582900006,660.6295829000028,19687.168,256
2020-01-21 05:00:00,20214.3703829,660.6295829000028,19553.7408,256
2020-01-22 05:00:00,20284.181582900004,660.6295829000028,19623.552,256
2020-01-23 05:00:00,20378.671182900005,660.6295829000028,19718.0416,256
2020-01-24 05:00:00,20321.839182900003,660.6295829000028,19661.2096,256
2020-01-27 05:00:00,19743.714382900005,660.6295829000028,19083.0848,256
2020-01-28 05:00:00,20283.567182900006,660.6295829000028,19622.9376,256
2020-01-29 05:00:00,20694.319182900006,660.6295829000028,20033.6896,256
2020-01-30 05:00:00,20665.288782900003,660.6295829000028,20004.6592,256
2020-01-31 05:00:00,19778.299982900004,660.6295829000028,19117.6704,256
2020-02-03 05:00:00,19725.7943829,660.6295829000028,19065.1648,256
2020-02-04 05:00:00,20355.195982900004,660.6295829000028,19694.5664,256
2020-02-05 05:00:00,20515.810382900003,660.6295829000028,19855.1808,256
2020-02-06 05:00:00,20748.0535829,660.6295829000028,20087.424,256
2020-02-07 05:00:00,20475.0039829,660.6295829000028,19814.3744,256
2020-02-10 05:00:00,20569.109582900004,660.6295829000028,19908.48,256
2020-02-11 05:00:00,20448.994382900004,660.6295829000028,19788.3648,256
2020-02-12 05:00:00,20918.933582900005,660.6295829000028,20258.304,256
2020-02-13 05:00:00,20774.677582900003,660.6295829000028,20114.048,256
2020-02-14 05:00:00,20779.6183829,660.6295829000028,20118.9888,256
2020-02-18 05:00:00,20411.234382900002,660.6295829000028,19750.6048,256
2020-02-19 05:00:00,20697.288782900003,660.6295829000028,20036.6592,256
2020-02-20 05:00:00,20491.720782900004,660.6295829000028,19831.0912,256
2020-02-21 05:00:00,20042.850382900004,660.6295829000028,19382.2208,256
2020-02-24 05:00:00,19122.1719829,660.6295829000028,18461.5424,256
2020-02-25 05:00:00,18496.840782900006,660.6295829000028,17836.2112,256
2020-02-26 05:00:00,18779.797582900006,660.6295829000028,18119.168,256
2020-02-27 05:00:00,17595.3879829,660.6295829000028,16934.7584,256
2020-02-28 05:00:00,17585.480782900006,660.6295829000028,16924.8512,256
2020-03-02 05:00:00,19161.1863829,660.6295829000028,18500.5568,256
2020-03-03 05:00:00,18573.6151829,660.6295829000028,17912.9856,256
2020-03-04 05:00:00,19404.5143829,660.6295829000028,18743.8848,256
2020-03-05 05:00:00,18796.5143829,660.6295829000028,18135.8848,256
2020-03-06 05:00:00,18537.774542900006,18537.774542900006,0.0,0
2020-03-09 04:00:00,18537.774542900006,18537.774542900006,0.0,0
2020-03-10 04:00:00,18537.774542900006,18537.774542900006,0.0,0
2020-03-11 04:00:00,18537.774542900006,18537.774542900006,0.0,0
2020-03-12 04:00:00,18537.774542900006,18537.774542900006,0.0,0
2020-03-13 04:00:00,18537.774542900006,18537.774542900006,0.0,0
2020-03-16 04:00:00,18537.774542900006,18537.774542900006,0.0,0
2020-03-17 04:00:00,18537.774542900006,18537.774542900006,0.0,0
2020-03-18 04:00:00,18537.774542900006,18537.774542900006,0.0,0
2020-03-19 04:00:00,18537.774542900006,18537.774542900006,0.0,0
2020-03-20 04:00:00,18537.774542900006,18537.774542900006,0.0,0
2020-03-23 04:00:00,18537.774542900006,18537.774542900006,0.0,0
2020-03-24 04:00:00,18537.774542900006,18537.774542900006,0.0,0
2020-03-25 04:00:00,18537.774542900006,18537.774542900006,0.0,0
2020-03-26 04:00:00,18537.774542900006,18537.774542900006,0.0,0
2020-03-27 04:00:00,18537.774542900006,18537.774542900006,0.0,0
2020-03-30 04:00:00,18537.774542900006,18537.774542900006,0.0,0
2020-03-31 04:00:00,18537.774542900006,18537.774542900006,0.0,0
2020-04-01 04:00:00,18537.774542900006,18537.774542900006,0.0,0
2020-04-02 04:00:00,18537.774542900006,18537.774542900006,0.0,0
2020-04-03 04:00:00,18537.774542900006,18537.774542900006,0.0,0
2020-04-06 04:00:00,18537.774542900006,18537.774542900006,0.0,0
2020-04-07 04:00:00,18537.774542900006,18537.774542900006,0.0,0
2020-04-08 04:00:00,18537.774542900006,18537.774542900006,0.0,0
2020-04-09 04:00:00,18537.774542900006,18537.774542900006,0.0,0
2020-04-13 04:00:00,18537.774542900006,18537.774542900006,0.0,0
2020-04-14 04:00:00,18537.774542900006,18537.774542900006,0.0,0
2020-04-15 04:00:00,18537.774542900006,18537.774542900006,0.0,0
2020-04-16 04:00:00,18537.774542900006,18537.774542900006,0.0,0
2020-04-17 04:00:00,18537.774542900006,18537.774542900006,0.0,0
2020-04-20 04:00:00,18537.774542900006,18537.774542900006,0.0,0
2020-04-21 04:00:00,18537.774542900006,18537.774542900006,0.0,0
2020-04-22 04:00:00,18537.774542900006,18537.774542900006,0.0,0
2020-04-23 04:00:00,18537.774542900006,18537.774542900006,0.0,0
2020-04-24 04:00:00,18537.774542900006,18537.774542900006,0.0,0
2020-04-27 04:00:00,18537.774542900006,18537.774542900006,0.0,0
2020-04-28 04:00:00,18537.774542900006,18537.774542900006,0.0,0
2020-04-29 04:00:00,18537.774542900006,18537.774542900006,0.0,0
2020-04-30 04:00:00,18520.223686200006,969.3669862000061,17550.8567,247
2020-05-01 04:00:00,18237.680386200005,969.3669862000061,17268.3134,247
2020-05-04 04:00:00,18481.988086200006,969.3669862000061,17512.6211,247
2020-05-05 04:00:00,18744.845486200007,969.3669862000061,17775.4785,247
2020-05-06 04:00:00,18928.242986200006,969.3669862000061,17958.876,247
2020-05-07 04:00:00,19114.011686200007,969.3669862000061,18144.6447,247
2020-05-08 04:00:00,19545.891186200006,969.3669862000061,18576.5242,247
2020-05-11 04:00:00,19838.190986200007,969.3669862000061,18868.824,247
2020-05-12 04:00:00,19622.55998620001,969.3669862000061,18653.193000000003,247
2020-05-13 04:00:00,19397.345386200006,969.3669862000061,18427.9784,247
2020-05-14 04:00:00,19510.545486200008,969.3669862000061,18541.1785,247
2020-05-15 04:00:00,19400.926886200006,969.3669862000061,18431.5599,247
2020-05-18 04:00:00,19835.20228620001,969.3669862000061,18865.835300000002,247
2020-05-19 04:00:00,19726.176486200005,969.3669862000061,18756.8095,247
2020-05-20 04:00:00,20090.970786200007,969.3669862000061,19121.6038,247
2020-05-21 04:00:00,19948.402386200007,969.3669862000061,18979.0354,247
2020-05-22 04:00:00,20070.617986200006,969.3669862000061,19101.251,247
2020-05-26 04:00:00,19941.214686200005,969.3669862000061,18971.8477,247
2020-05-27 04:00:00,20023.885586200005,969.3669862000061,19054.5186,247
2020-05-28 04:00:00,20032.283586200007,969.3669862000061,19062.9166,247
2020-05-29 04:00:00,20013.709186200005,969.3669862000061,19044.3422,247
2020-06-01 04:00:00,20247.914586200004,969.3669862000061,19278.547599999998,247
2020-06-02 04:00:00,20337.155686200003,969.3669862000061,19367.788699999997,247
2020-06-03 04:00:00,20443.785586200007,969.3669862000061,19474.4186,247
2020-06-04 04:00:00,20276.047886200005,969.3669862000061,19306.6809,247
2020-06-05 04:00:00,20825.943986200007,969.3669862000061,19856.577,247
2020-06-08 04:00:00,20943.343086200006,969.3669862000061,19973.9761,247
2020-06-09 04:00:00,21574.082286200006,969.3669862000061,20604.7153,247
2020-06-10 04:00:00,22104.193686200008,969.3669862000061,21134.8267,247
2020-06-11 04:00:00,21089.492986200006,969.3669862000061,20120.126,247
2020-06-12 04:00:00,21263.208086200004,969.3669862000061,20293.841099999998,247
2020-06-15 04:00:00,21514.184786200007,969.3669862000061,20544.8178,247
2020-06-16 04:00:00,22058.671586200006,969.3669862000061,21089.3046,247
2020-06-17 04:00:00,22029.303286200007,969.3669862000061,21059.9363,247
2020-06-18 04:00:00,22037.701286200005,969.3669862000061,21068.3343,247
2020-06-19 04:00:00,21917.288786200006,969.3669862000061,20947.9218,247
2020-06-22 04:00:00,22465.381786200007,969.3669862000061,21496.0148,247
2020-06-23 04:00:00,22924.208986200007,969.3669862000061,21954.842,247
2020-06-24 04:00:00,22536.641286200007,969.3669862000061,21567.2743,247
2020-06-25 04:00:00,22822.963686200008,969.3669862000061,21853.596700000002,247
2020-06-26 04:00:00,22151.518886200007,969.3669862000061,21182.1519,247
2020-06-29 04:00:00,22639.689686200007,969.3669862000061,21670.3227,247
2020-06-30 04:00:00,22820.592486200007,969.3669862000061,21851.2255,247
2020-07-01 04:00:00,22779.244686200003,969.3669862000061,21809.877699999997,247
2020-07-02 04:00:00,22779.244686200003,969.3669862000061,21809.877699999997,247
2020-07-06 04:00:00,23362.658686200008,969.3669862000061,22393.2917,247
2020-07-07 04:00:00,23293.177586200007,969.3669862000061,22323.8106,247
2020-07-08 04:00:00,23813.112586200008,969.3669862000061,22843.745600000002,247
2020-07-09 04:00:00,23911.344486200003,969.3669862000061,22941.977499999997,247
2020-07-10 04:00:00,23951.481986200008,969.3669862000061,22982.115,247
2020-07-13 04:00:00,23845.444886200006,969.3669862000061,22876.0779,247
2020-07-14 04:00:00,24224.021786200006,969.3669862000061,23254.6548,247
2020-07-15 04:00:00,24383.954286200005,969.3669862000061,23414.5873,247
2020-07-16 04:00:00,24095.828786200007,969.3669862000061,23126.4618,247
2020-07-17 04:00:00,24049.121086200004,969.3669862000061,23079.7541,247
2020-07-20 04:00:00,24535.488786200007,969.3669862000061,23566.1218,247
2020-07-21 04:00:00,24210.239186200008,969.3669862000061,23240.8722,247
2020-07-22 04:00:00,24275.521286200004,969.3669862000061,23306.1543,247
2020-07-23 04:00:00,23214.705686200006,969.3669862000061,22245.3387,247
2020-07-24 04:00:00,23159.599986200006,969.3669862000061,22190.233,247
2020-07-27 04:00:00,23685.537086200005,969.3669862000061,22716.1701,247
2020-07-28 04:00:00,23312.344786200007,969.3669862000061,22342.9778,247
2020-07-29 04:00:00,23740.642786200006,969.3669862000061,22771.2758,247
2020-07-30 04:00:00,24016.171286200006,969.3669862000061,23046.8043,247
2020-07-31 04:00:00,26428.891986200008,969.3669862000061,25459.525,247
2020-08-03 04:00:00,27070.425086200008,969.3669862000061,26101.058100000002,247
2020-08-04 04:00:00,27244.732986200008,969.3669862000061,26275.366,247
2020-08-05 04:00:00,27339.976186200005,969.3669862000061,26370.6092,247
2020-08-06 04:00:00,28260.026486200008,969.3669862000061,27290.6595,247
2020-08-07 04:00:00,27639.537786200006,969.3669862000061,26670.1708,247
2020-08-10 04:00:00,28027.204286200005,969.3669862000061,27057.8373,247
2020-08-11 04:00:00,27222.502986200005,969.3669862000061,26253.136,247
2020-08-12 04:00:00,28095.005786200007,969.3669862000061,27125.6388,247
2020-08-13 04:00:00,28575.050286200007,969.3669862000061,27605.6833,247
2020-08-14 04:00:00,28550.449086200006,969.3669862000061,27581.0821,247
2020-08-17 04:00:00,28478.448586200004,969.3669862000061,27509.081599999998,247
2020-08-18 04:00:00,28707.664586200004,969.3669862000061,27738.297599999998,247
2020-08-19 04:00:00,28742.466886200007,969.3669862000061,27773.0999,247
2020-08-20 04:00:00,29358.75658620001,969.3669862000061,28389.389600000002,247
2020-08-21 04:00:00,30821.737586200008,969.3669862000061,29852.370600000002,247
2020-08-24 04:00:00,31178.776086200007,969.3669862000061,30209.4091,247
2020-08-25 04:00:00,30930.936286200005,969.3669862000061,29961.5693,247
2020-08-26 04:00:00,31338.387486200005,969.3669862000061,30369.0205,247
2020-08-27 04:00:00,30975.346886200008,969.3669862000061,30005.979900000002,247
2020-08-28 04:00:00,30926.737286200005,969.3669862000061,29957.3703,247
2020-08-31 04:00:00,31942.64828620001,969.3669862000061,30973.281300000002,247
2020-09-01 04:00:00,33176.413286200004,969.3669862000061,32207.046299999998,247
2020-09-02 04:00:00,32509.118086200007,969.3669862000061,31539.7511,247
2020-09-03 04:00:00,29984.037086200005,969.3669862000061,29014.6701,247
2020-09-04 04:00:00,30003.228986200007,969.3669862000061,29033.862,247
2020-09-08 04:00:00,28049.384886200005,969.3669862000061,27080.0179,247
2020-09-09 04:00:00,29129.515886200006,969.3669862000061,28160.1489,247
2020-09-10 04:00:00,28210.206586200005,969.3669862000061,27240.8396,247
2020-09-11 04:00:00,27852.575286200004,969.3669862000061,26883.2083,247
2020-09-14 04:00:00,28659.054986200004,969.3669862000061,27689.688,247
2020-09-15 04:00:00,28702.279986200007,969.3669862000061,27732.913,247
2020-09-16 04:00:00,27883.771386200006,969.3669862000061,26914.4044,247
2020-09-17 04:00:00,27454.11488620001,969.3669862000061,26484.747900000002,247
2020-09-18 04:00:00,26614.018486200006,969.3669862000061,25644.6515,247
2020-09-21 04:00:00,27391.722686200006,969.3669862000061,26422.3557,247
2020-09-22 04:00:00,27806.979086200008,969.3669862000061,26837.612100000002,247
2020-09-23 04:00:00,26681.227186200005,969.3669862000061,25711.8602,247
2020-09-24 04:00:00,26945.270186200007,969.3669862000061,25975.9032,247
2020-09-25 04:00:00,27919.783986200007,969.3669862000061,26950.417,247
2020-09-28 04:00:00,28563.046086200007,969.3669862000061,27593.6791,247
2020-09-29 04:00:00,28354.232286200007,969.3669862000061,27384.8653,247
2020-09-30 04:00:00,28767.068086200008,969.3669862000061,27797.701100000002,247
2020-10-01 04:00:00,29002.310886200008,969.3669862000061,28032.943900000002,247
2020-10-02 04:00:00,28070.273651500007,28070.273651500007,0.0,0
2020-10-05 04:00:00,28070.273651500007,28070.273651500007,0.0,0
2020-10-06 04:00:00,28070.273651500007,28070.273651500007,0.0,0
2020-10-07 04:00:00,28070.273651500007,28070.273651500007,0.0,0
2020-10-08 04:00:00,28070.273651500007,28070.273651500007,0.0,0
2020-10-09 04:00:00,28070.273651500007,28070.273651500007,0.0,0
2020-10-12 04:00:00,28070.273651500007,28070.273651500007,0.0,0
2020-10-13 04:00:00,28070.273651500007,28070.273651500007,0.0,0
2020-10-14 04:00:00,28070.273651500007,28070.273651500007,0.0,0
2020-10-15 04:00:00,28070.273651500007,28070.273651500007,0.0,0
2020-10-16 04:00:00,28070.273651500007,28070.273651500007,0.0,0
2020-10-19 04:00:00,28070.273651500007,28070.273651500007,0.0,0
2020-10-20 04:00:00,28070.273651500007,28070.273651500007,0.0,0
2020-10-21 04:00:00,28070.273651500007,28070.273651500007,0.0,0
2020-10-22 04:00:00,28070.273651500007,28070.273651500007,0.0,0
2020-10-23 04:00:00,28070.273651500007,28070.273651500007,0.0,0
2020-10-26 04:00:00,28070.273651500007,28070.273651500007,0.0,0
2020-10-27 04:00:00,28070.273651500007,28070.273651500007,0.0,0
2020-10-28 04:00:00,28070.273651500007,28070.273651500007,0.0,0
2020-10-29 04:00:00,28070.273651500007,28070.273651500007,0.0,0
2020-10-30 04:00:00,28070.273651500007,28070.273651500007,0.0,0
2020-11-02 05:00:00,28070.273651500007,28070.273651500007,0.0,0
2020-11-03 05:00:00,28070.273651500007,28070.273651500007,0.0,0
2020-11-04 05:00:00,28070.273651500007,28070.273651500007,0.0,0
2020-11-05 05:00:00,28043.669436500008,1439.4544365000074,26604.215,230
2020-11-06 05:00:00,28013.44743650001,1439.4544365000074,26573.993000000002,230
2020-11-09 05:00:00,27482.814436500008,1439.4544365000074,26043.36,230
2020-11-10 05:00:00,27404.453436500007,1439.4544365000074,25964.999,230
2020-11-11 05:00:00,28192.54843650001,1439.4544365000074,26753.094,230
2020-11-12 05:00:00,28129.850436500004,1439.4544365000074,26690.395999999997,230
2020-11-13 05:00:00,28141.05143650001,1439.4544365000074,26701.597,230
2020-11-16 05:00:00,28373.903436500008,1439.4544365000074,26934.449,230
2020-11-17 05:00:00,28170.169436500008,1439.4544365000074,26730.715,230
2020-11-18 05:00:00,27865.67243650001,1439.4544365000074,26426.218,230
2020-11-19 05:00:00,28002.246436500005,1439.4544365000074,26562.791999999998,230
2020-11-20 05:00:00,27711.18143650001,1439.4544365000074,26271.727000000003,230
2020-11-23 05:00:00,26929.779436500008,1439.4544365000074,25490.325,230
2020-11-24 05:00:00,27225.329436500007,1439.4544365000074,25785.875,230
2020-11-25 05:00:00,27417.885436500008,1439.4544365000074,25978.431,230
2020-11-27 05:00:00,27543.258436500008,1439.4544365000074,26103.804,230
2020-11-30 05:00:00,28094.039436500007,1439.4544365000074,26654.585,230
2020-12-01 05:00:00,28915.73743650001,1439.4544365000074,27476.283000000003,230
2020-12-02 05:00:00,28996.329436500007,1439.4544365000074,27556.875,230
2020-12-03 05:00:00,28964.980436500005,1439.4544365000074,27525.525999999998,230
2020-12-04 05:00:00,28810.489436500007,1439.4544365000074,27371.035,230
2020-12-07 05:00:00,29146.335436500005,1439.4544365000074,27706.880999999998,230
2020-12-08 05:00:00,29287.39443650001,1439.4544365000074,27847.940000000002,230
2020-12-09 05:00:00,28705.264436500005,1439.4544365000074,27265.809999999998,230
2020-12-10 05:00:00,29032.163436500006,1439.4544365000074,27592.709,230
2020-12-11 05:00:00,28846.32343650001,1439.4544365000074,27406.869000000002,230
2020-12-14 05:00:00,28705.264436500005,1439.4544365000074,27265.809999999998,230
2020-12-15 05:00:00,30071.027436500008,1439.4544365000074,28631.573,230
2020-12-16 05:00:00,30055.341436500006,1439.4544365000074,28615.887,230
2020-12-17 05:00:00,30254.613436500007,1439.4544365000074,28815.159,230
2020-12-18 05:00:00,29797.879436500007,1439.4544365000074,28358.425,230
2020-12-21 05:00:00,30149.38843650001,1439.4544365000074,28709.934,230
2020-12-22 05:00:00,30966.601436500005,1439.4544365000074,29527.146999999997,230
2020-12-23 05:00:00,30760.613436500007,1439.4544365000074,29321.159,230
2020-12-24 05:00:00,30986.749436500006,1439.4544365000074,29547.295,230
2020-12-28 05:00:00,32043.530436500012,1439.4544365000074,30604.076000000005,230
2020-12-29 05:00:00,31636.039436500007,1439.4544365000074,30196.585,230
2020-12-30 05:00:00,31378.577436500007,1439.4544365000074,29939.123,230
2020-12-31 05:00:00,31147.956436500004,1439.4544365000074,29708.501999999997,230
2021-01-04 05:00:00,30413.58943650001,1439.4544365000074,28974.135000000002,230
2021-01-05 05:00:00,30771.814436500008,1439.4544365000074,29332.36,230
2021-01-06 05:00:00,29784.447436500006,1439.4544365000074,28344.993,230
2021-01-07 05:00:00,30751.666436500007,1439.4544365000074,29312.212,230
2021-01-08 05:00:00,31004.666436500007,1439.4544365000074,29565.212,230
2021-01-11 05:00:00,30317.28843650001,1439.4544365000074,28877.834000000003,230
2021-01-12 05:00:00,30277.01543650001,1439.4544365000074,28837.561,230
2021-01-13 05:00:00,30744.950436500007,1439.4544365000074,29305.496,230
2021-01-14 05:00:00,30301.62543650001,1439.4544365000074,28862.171000000002,230
2021-01-15 05:00:00,29905.33543650001,1439.4544365000074,28465.881,230
2021-01-19 05:00:00,30059.82643650001,1439.4544365000074,28620.372000000003,230
2021-01-20 05:00:00,31000.181436500006,1439.4544365000074,29560.727,230
2021-01-21 05:00:00,32083.826436500007,1439.4544365000074,30644.372,230
2021-01-22 05:00:00,32576.394436500002,1439.4544365000074,31136.939999999995,230
2021-01-25 05:00:00,33438.38843650001,1439.4544365000074,31998.934,230
2021-01-26 05:00:00,33492.11643650001,1439.4544365000074,32052.662,230
2021-01-27 05:00:00,33245.83243650001,1439.4544365000074,31806.378,230
2021-01-28 05:00:00,32133.09243650001,1439.4544365000074,30693.638000000003,230
2021-01-29 05:00:00,30984.518436500006,1439.4544365000074,29545.064,230
2021-02-01 05:00:00,31472.60143650001,1439.4544365000074,30033.147,230
2021-02-02 05:00:00,31662.926436500005,1439.4544365000074,30223.471999999998,230
2021-02-03 05:00:00,31427.820436500006,1439.4544365000074,29988.365999999998,230
2021-02-04 05:00:00,32200.25243650001,1439.4544365000074,30760.798000000003,230
2021-02-05 05:00:00,32104.96343650001,1439.4544365000074,30665.509000000002,230
2021-02-08 05:00:00,32138.58943650001,1439.4544365000074,30699.135000000002,230
2021-02-09 05:00:00,31936.78743650001,1439.4544365000074,30497.333000000002,230
2021-02-10 05:00:00,31797.75243650001,1439.4544365000074,30358.298000000003,230
2021-02-11 05:00:00,31739.47043650001,1439.4544365000074,30300.016000000003,230
2021-02-12 05:00:00,31793.267436500006,1439.4544365000074,30353.813,230
2021-02-16 05:00:00,31304.44843650001,1439.4544365000074,29864.994000000002,230
2021-02-17 05:00:00,30777.518436500006,1439.4544365000074,29338.064,230
2021-02-18 05:00:00,30524.150436500007,1439.4544365000074,29084.696,230
2021-02-19 05:00:00,30560.03043650001,1439.4544365000074,29120.576,230
2021-02-22 05:00:00,29692.26343650001,1439.4544365000074,28252.809,230
2021-02-23 05:00:00,29660.868436500008,1439.4544365000074,28221.414,230
2021-02-24 05:00:00,29546.51243650001,1439.4544365000074,28107.058,230
2021-02-25 05:00:00,28568.874436500006,1439.4544365000074,27129.42,230
2021-02-26 05:00:00,28629.41043650001,1439.4544365000074,27189.956000000002,230
2021-03-01 05:00:00,30093.636436500008,1439.4544365000074,28654.182,230
2021-03-02 05:00:00,29494.92343650001,1439.4544365000074,28055.469,230
2021-03-03 05:00:00,28808.78743650001,1439.4544365000074,27369.333000000002,230
2021-03-04 05:00:00,28376.042436500007,1439.4544365000074,26936.588,230
2021-03-05 05:00:00,28665.290436500007,1439.4544365000074,27225.836,230
2021-03-08 05:00:00,27530.700436500007,1439.4544365000074,26091.246,230
2021-03-09 05:00:00,28591.29943650001,1439.4544365000074,27151.845,230
2021-03-10 05:00:00,28342.39343650001,1439.4544365000074,26902.939000000002,230
2021-03-11 05:00:00,28786.385436500008,1439.4544365000074,27346.931,230
2021-03-12 05:00:00,28577.844436500007,1439.4544365000074,27138.39,230
2021-03-15 04:00:00,29241.555436500006,1439.4544365000074,27802.101,230
2021-03-16 04:00:00,29595.847436500007,1439.4544365000074,28156.393,230
2021-03-17 04:00:00,29414.21643650001,1439.4544365000074,27974.762000000002,230
2021-03-18 04:00:00,28465.719436500007,1439.4544365000074,27026.265,230
2021-03-19 04:00:00,28344.647436500007,1439.4544365000074,26905.193,230
2021-03-22 04:00:00,29107.028436500008,1439.4544365000074,27667.574,230
2021-03-23 04:00:00,28916.42743650001,1439.4544365000074,27476.973,230
2021-03-24 04:00:00,28367.072436500006,1439.4544365000074,26927.618,230
2021-03-25 04:00:00,28479.174436500005,1439.4544365000074,27039.719999999998,230
2021-03-26 04:00:00,28618.209436500005,1439.4544365000074,27178.754999999997,230
2021-03-29 04:00:00,28658.574436500006,1439.4544365000074,27219.12,230
2021-03-30 04:00:00,28324.453436500007,1439.4544365000074,26884.999,230
2021-03-31 04:00:00,28828.98143650001,1439.4544365000074,27389.527000000002,230
2021-04-01 04:00:00,29019.582436500008,1439.4544365000074,27580.128,230
2021-04-05 04:00:00,29669.838436500006,1439.4544365000074,28230.384,230
2021-04-06 04:00:00,29739.34443650001,1439.4544365000074,28299.890000000003,230
2021-04-07 04:00:00,30118.292436500007,1439.4544365000074,28678.838,230
2021-04-08 04:00:00,30669.901436500008,1439.4544365000074,29230.447,230
2021-04-09 04:00:00,31261.85243650001,1439.4544365000074,29822.398,230
2021-04-12 04:00:00,30867.218436500007,1439.4544365000074,29427.764,230
2021-04-13 04:00:00,31582.49543650001,1439.4544365000074,30143.041,230
2021-04-14 04:00:00,31044.36443650001,1439.4544365000074,29604.910000000003,230
2021-04-15 04:00:00,31598.204436500007,1439.4544365000074,30158.75,230
2021-04-16 04:00:00,31521.959436500005,1439.4544365000074,30082.504999999997,230
2021-04-19 04:00:00,31673.13487150001,123.57487150000748,31549.56,240
2021-04-20 04:00:00,31268.35087150001,123.57487150000748,31144.776,240
2021-04-21 04:00:00,31359.59887150001,123.57487150000748,31236.024,240
2021-04-22 04:00:00,30994.582871500006,123.57487150000748,30871.007999999998,240
2021-04-23 04:00:00,31551.47887150001,123.57487150000748,31427.904000000002,240
2021-04-26 04:00:00,31645.054871500004,123.57487150000748,31521.479999999996,240
2021-04-27 04:00:00,31567.822871500008,123.57487150000748,31444.248,240
2021-04-28 04:00:00,31378.31887150001,123.57487150000748,31254.744000000002,240
2021-04-29 04:00:00,31354.918871500005,123.57487150000748,31231.343999999997,240
2021-04-30 04:00:00,30882.28687150001,123.57487150000748,30758.712000000003,240
2021-05-03 04:00:00,31134.98287150001,123.57487150000748,31011.408000000003,240
2021-05-04 04:00:00,30037.63087150001,123.57487150000748,29914.056,240
2021-05-05 04:00:00,30096.118871500006,123.57487150000748,29972.543999999998,240
2021-05-06 04:00:00,30479.830871500006,123.57487150000748,30356.255999999998,240
2021-05-07 04:00:00,30641.566871500007,123.57487150000748,30517.992,240
2021-05-10 04:00:00,29854.054871500008,123.57487150000748,29730.48,240
2021-05-11 04:00:00,29633.75887150001,123.57487150000748,29510.184,240
2021-05-12 04:00:00,28897.79887150001,123.57487150000748,28774.224000000002,240
2021-05-13 04:00:00,29413.43887150001,123.57487150000748,29289.864,240
2021-05-14 04:00:00,29994.67087150001,123.57487150000748,29871.096,240
2021-05-17 04:00:00,29718.118871500006,123.57487150000748,29594.543999999998,240
2021-05-18 04:00:00,29385.31087150001,123.57487150000748,29261.736,240
2021-05-19 04:00:00,29347.79887150001,123.57487150000748,29224.224000000002,240
2021-05-20 04:00:00,29961.86287150001,123.57487150000748,29838.288,240
2021-05-21 04:00:00,29521.24687150001,123.57487150000748,29397.672000000002,240
2021-05-24 04:00:00,29912.638871500007,123.57487150000748,29789.064,240
2021-05-25 04:00:00,29865.766871500007,123.57487150000748,29742.192,240
2021-05-26 04:00:00,29824.32439150001,29824.32439150001,0.0,0
2021-05-27 04:00:00,29824.32439150001,29824.32439150001,0.0,0
2021-05-28 04:00:00,29824.32439150001,29824.32439150001,0.0,0
2021-06-01 04:00:00,29824.32439150001,29824.32439150001,0.0,0
2021-06-02 04:00:00,29824.32439150001,29824.32439150001,0.0,0
2021-06-03 04:00:00,29824.32439150001,29824.32439150001,0.0,0
2021-06-04 04:00:00,29824.32439150001,29824.32439150001,0.0,0
2021-06-07 04:00:00,29824.32439150001,29824.32439150001,0.0,0
2021-06-08 04:00:00,29824.32439150001,29824.32439150001,0.0,0
2021-06-09 04:00:00,29824.32439150001,29824.32439150001,0.0,0
2021-06-10 04:00:00,29824.32439150001,29824.32439150001,0.0,0
2021-06-11 04:00:00,29824.32439150001,29824.32439150001,0.0,0
2021-06-14 04:00:00,29824.32439150001,29824.32439150001,0.0,0
2021-06-15 04:00:00,29824.32439150001,29824.32439150001,0.0,0
2021-06-16 04:00:00,29824.32439150001,29824.32439150001,0.0,0
2021-06-17 04:00:00,29824.32439150001,29824.32439150001,0.0,0
2021-06-18 04:00:00,29824.32439150001,29824.32439150001,0.0,0
2021-06-21 04:00:00,29824.32439150001,29824.32439150001,0.0,0
2021-06-22 04:00:00,29824.32439150001,29824.32439150001,0.0,0
2021-06-23 04:00:00,29824.32439150001,29824.32439150001,0.0,0
2021-06-24 04:00:00,29824.32439150001,29824.32439150001,0.0,0
2021-06-25 04:00:00,29824.32439150001,29824.32439150001,0.0,0
2021-06-28 04:00:00,29796.02583350001,1497.4678335000135,28298.557999999997,215
2021-06-29 04:00:00,30121.449833500017,1497.4678335000135,28623.982000000004,215
2021-06-30 04:00:00,30253.717833500014,1497.4678335000135,28756.25,215
2021-07-01 04:00:00,30318.819833500012,1497.4678335000135,28821.352,215
2021-07-02 04:00:00,30883.603333500014,1497.4678335000135,29386.1355,215
2021-07-06 04:00:00,31316.14033350001,1497.4678335000135,29818.672499999997,215
2021-07-07 04:00:00,31851.533333500014,1497.4678335000135,30354.0655,215
2021-07-08 04:00:00,31572.291333500016,1497.4678335000135,30074.823500000002,215
2021-07-09 04:00:00,31964.924333500014,1497.4678335000135,30467.4565,215
2021-07-12 04:00:00,31836.827333500016,1497.4678335000135,30339.359500000002,215
2021-07-13 04:00:00,32076.208333500013,1497.4678335000135,30578.7405,215
2021-07-14 04:00:00,32813.142333500015,1497.4678335000135,31315.6745,215
2021-07-15 04:00:00,32672.467833500014,1497.4678335000135,31175.0,215
2021-07-16 04:00:00,32233.674333500014,1497.4678335000135,30736.2065,215
2021-07-19 04:00:00,31406.418833500014,1497.4678335000135,29908.951,215
2021-07-20 04:00:00,32183.278333500017,1497.4678335000135,30685.810500000003,215
2021-07-21 04:00:00,32025.790833500014,1497.4678335000135,30528.323,215
2021-07-22 04:00:00,32319.760333500013,1497.4678335000135,30822.2925,215
2021-07-23 04:00:00,32689.280833500015,1497.4678335000135,31191.813000000002,215
2021-07-26 04:00:00,32779.559333500016,1497.4678335000135,31282.0915,215
2021-07-27 04:00:00,32313.43933350001,1497.4678335000135,30815.971499999996,215
2021-07-28 04:00:00,31937.619333500013,1497.4678335000135,30440.1515,215
2021-07-29 04:00:00,32076.208333500013,1497.4678335000135,30578.7405,215
2021-07-30 04:00:00,32122.39033350001,1497.4678335000135,30624.922499999997,215
2021-08-02 04:00:00,32050.98883350001,1497.4678335000135,30553.520999999997,215
2021-08-03 04:00:00,32437.32233350001,1497.4678335000135,30939.854499999998,215
2021-08-04 04:00:00,32351.236333500012,1497.4678335000135,30853.7685,215
2021-08-05 04:00:00,32374.327333500016,1497.4678335000135,30876.859500000002,215
2021-08-06 04:00:00,32227.13833350001,1497.4678335000135,30729.670499999997,215
2021-08-09 04:00:00,32216.624833500013,1497.4678335000135,30719.157,215
2021-08-10 04:00:00,32113.596833500014,1497.4678335000135,30616.129,215
2021-08-11 04:00:00,32168.27133350001,1497.4678335000135,30670.803499999998,215
2021-08-12 04:00:00,32805.40233350001,1497.4678335000135,31307.9345,215
2021-08-13 04:00:00,32849.56333350002,1497.4678335000135,31352.0955,215
2021-08-16 04:00:00,33274.31733350001,1497.4678335000135,31776.849499999997,215
2021-08-17 04:00:00,33078.774833500014,1497.4678335000135,31581.307,215
2021-08-18 04:00:00,32273.406333500014,1497.4678335000135,30775.9385,215
2021-08-19 04:00:00,32344.893833500017,1497.4678335000135,30847.426000000003,215
2021-08-20 04:00:00,32658.21333350001,1497.4678335000135,31160.745499999997,215
2021-08-23 04:00:00,32977.83233350002,1497.4678335000135,31480.3645,215
2021-08-24 04:00:00,32958.91233350002,1497.4678335000135,31461.4445,215
2021-08-25 04:00:00,32693.967833500014,1497.4678335000135,31196.5,215
2021-08-26 04:00:00,32521.537833500013,1497.4678335000135,31024.07,215
2021-08-27 04:00:00,32744.428333500015,1497.4678335000135,31246.9605,215
2021-08-30 04:00:00,33694.87883350001,1497.4678335000135,32197.411,215
2021-08-31 04:00:00,33423.61333350001,1497.4678335000135,31926.1455,215
2021-09-01 04:00:00,33566.60983350001,1497.4678335000135,32069.142000000003,215
2021-09-02 04:00:00,33806.31333350002,1497.4678335000135,32308.8455,215
2021-09-03 04:00:00,33942.988833500014,1497.4678335000135,32445.521,215
2021-09-07 04:00:00,34445.551333500014,1497.4678335000135,32948.0835,215
2021-09-08 04:00:00,34113.31183350002,1497.4678335000135,32615.844000000005,215
2021-09-09 04:00:00,33894.613833500014,1497.4678335000135,32397.146,215
2021-09-10 04:00:00,32822.21533350001,1497.4678335000135,31324.747499999998,215
2021-09-13 04:00:00,32944.18483350001,1497.4678335000135,31446.717,215
2021-09-14 04:00:00,32643.48583350001,1497.4678335000135,31146.017999999996,215
2021-09-15 04:00:00,32834.835833500016,1497.4678335000135,31337.368000000002,215
2021-09-16 04:00:00,32784.35383350001,1497.4678335000135,31286.886,215
2021-09-17 04:00:00,32210.325333500015,1497.4678335000135,30712.857500000002,215
2021-09-20 04:00:00,31554.252833500013,1497.4678335000135,30056.785,215
2021-09-21 04:00:00,31657.302333500014,1497.4678335000135,30159.8345,215
2021-09-22 04:00:00,32166.164333500015,1497.4678335000135,30668.696500000002,215
2021-09-23 04:00:00,32372.241833500015,1497.4678335000135,30874.774,215
2021-09-24 04:00:00,32391.161833500013,1497.4678335000135,30893.694,215
2021-09-27 04:00:00,32065.221833500014,1497.4678335000135,30567.754,215
2021-09-28 04:00:00,31337.683333500012,1497.4678335000135,29840.2155,215
2021-09-29 04:00:00,31531.11883350001,1497.4678335000135,30033.650999999998,215
2021-09-30 04:00:00,31251.468333500015,1497.4678335000135,29754.000500000002,215
2021-10-01 04:00:00,31463.283022500014,31463.283022500014,0.0,0
2021-10-04 04:00:00,31463.283022500014,31463.283022500014,0.0,0
2021-10-05 04:00:00,31463.283022500014,31463.283022500014,0.0,0
2021-10-06 04:00:00,31463.283022500014,31463.283022500014,0.0,0
2021-10-07 04:00:00,31463.283022500014,31463.283022500014,0.0,0
2021-10-08 04:00:00,31463.283022500014,31463.283022500014,0.0,0
2021-10-11 04:00:00,31463.283022500014,31463.283022500014,0.0,0
2021-10-12 04:00:00,31463.283022500014,31463.283022500014,0.0,0
2021-10-13 04:00:00,31463.283022500014,31463.283022500014,0.0,0
2021-10-14 04:00:00,31463.283022500014,31463.283022500014,0.0,0
2021-10-15 04:00:00,31463.283022500014,31463.283022500014,0.0,0
2021-10-18 04:00:00,31463.283022500014,31463.283022500014,0.0,0
2021-10-19 04:00:00,31463.283022500014,31463.283022500014,0.0,0
2021-10-20 04:00:00,31463.283022500014,31463.283022500014,0.0,0
2021-10-21 04:00:00,31463.283022500014,31463.283022500014,0.0,0
2021-10-22 04:00:00,31463.283022500014,31463.283022500014,0.0,0
2021-10-25 04:00:00,31463.283022500014,31463.283022500014,0.0,0
2021-10-26 04:00:00,31463.283022500014,31463.283022500014,0.0,0
2021-10-27 04:00:00,31463.283022500014,31463.283022500014,0.0,0
2021-10-28 04:00:00,31463.283022500014,31463.283022500014,0.0,0
2021-10-29 04:00:00,31463.283022500014,31463.283022500014,0.0,0
2021-11-01 04:00:00,31463.283022500014,31463.283022500014,0.0,0
2021-11-02 04:00:00,31463.283022500014,31463.283022500014,0.0,0
2021-11-03 04:00:00,31463.283022500014,31463.283022500014,0.0,0
2021-11-04 04:00:00,31433.459176900014,1609.6135769000139,29823.8456,202
2021-11-05 04:00:00,31540.296976900012,1609.6135769000139,29930.683399999998,202
2021-11-08 05:00:00,31374.111576900013,1609.6135769000139,29764.498,202
2021-11-09 05:00:00,31447.316376900013,1609.6135769000139,29837.7028,202
2021-11-10 05:00:00,30875.53517690001,1609.6135769000139,29265.921599999998,202
2021-11-11 05:00:00,30865.63717690001,1609.6135769000139,29256.023599999997,202
2021-11-12 05:00:00,31285.069976900013,1609.6135769000139,29675.4564,202
2021-11-15 05:00:00,31287.049576900015,1609.6135769000139,29677.436,202
2021-11-16 05:00:00,31484.908576900016,1609.6135769000139,29875.295000000002,202
2021-11-17 05:00:00,31977.546176900014,1609.6135769000139,30367.9326,202
2021-11-18 05:00:00,32844.12617690001,1609.6135769000139,31234.5126,202
2021-11-19 05:00:00,33374.37617690001,1609.6135769000139,31764.7626,202
2021-11-22 05:00:00,33467.356776900015,1609.6135769000139,31857.7432,202
2021-11-23 05:00:00,33544.52077690001,1609.6135769000139,31934.9072,202
2021-11-24 05:00:00,33649.378976900014,1609.6135769000139,32039.765399999997,202
2021-11-26 05:00:00,32634.409776900015,1609.6135769000139,31024.7962,202
2021-11-29 05:00:00,33313.02877690001,1609.6135769000139,31703.4152,202
2021-11-30 05:00:00,34314.160976900006,1609.6135769000139,32704.547399999996,202
2021-12-01 05:00:00,34209.28257690002,1609.6135769000139,32599.669,202
2021-12-02 05:00:00,34009.464176900015,1609.6135769000139,32399.850599999998,202
2021-12-03 05:00:00,33629.60317690001,1609.6135769000139,32019.9896,202
2021-12-06 05:00:00,34318.12017690002,1609.6135769000139,32708.5066,202
2021-12-07 05:00:00,35477.49917690002,1609.6135769000139,33867.8856,202
2021-12-08 05:00:00,36249.11897690002,1609.6135769000139,34639.5054,202
2021-12-09 05:00:00,36146.24037690001,1609.6135769000139,34536.6268,202
2021-12-10 05:00:00,37113.719376900015,1609.6135769000139,35504.1058,202
2021-12-13 05:00:00,36379.71197690001,1609.6135769000139,34770.0984,202
2021-12-14 05:00:00,36100.729776900014,1609.6135769000139,34491.1162,202
2021-12-15 05:00:00,37084.04557690001,1609.6135769000139,35474.432,202
2021-12-16 05:00:00,35691.17477690001,1609.6135769000139,34081.5612,202
2021-12-17 05:00:00,35469.60097690002,1609.6135769000139,33859.987400000005,202
2021-12-20 05:00:00,35194.57797690002,1609.6135769000139,33584.964400000004,202
2021-12-21 05:00:00,35835.604776900014,1609.6135769000139,34225.9912,202
2021-12-22 05:00:00,36359.91597690001,1609.6135769000139,34750.3024,202
2021-12-23 05:00:00,36486.54977690001,1609.6135769000139,34876.9362,202
2021-12-27 05:00:00,37287.82317690001,1609.6135769000139,35678.2096,202
2021-12-28 05:00:00,37082.06597690002,1609.6135769000139,35472.4524,202
2021-12-29 05:00:00,37099.86217690002,1609.6135769000139,35490.2486,202
2021-12-30 05:00:00,36866.41077690001,1609.6135769000139,35256.7972,202
2021-12-31 05:00:00,36741.77677690002,1609.6135769000139,35132.1632,202
2022-01-03 05:00:00,37620.214176900015,1609.6135769000139,36010.6006,202
2022-01-04 05:00:00,37163.18917690002,1609.6135769000139,35553.575600000004,202
2022-01-05 05:00:00,36217.46557690001,1609.6135769000139,34607.852,202
2022-01-06 05:00:00,35639.74557690002,1609.6135769000139,34030.132000000005,202
2022-01-07 05:00:00,35673.37857690001,1609.6135769000139,34063.765,202
2022-01-10 05:00:00,35677.33777690001,1609.6135769000139,34067.7242,202
2022-01-11 05:00:00,36249.11897690002,1609.6135769000139,34639.5054,202
2022-01-12 05:00:00,36338.14037690002,1609.6135769000139,34728.5268,202
2022-01-13 05:00:00,35677.33777690001,1609.6135769000139,34067.7242,202
2022-01-14 05:00:00,35851.44157690002,1609.6135769000139,34241.828,202
2022-01-18 05:00:00,35204.47597690002,1609.6135769000139,33594.862400000005,202
2022-01-19 05:00:00,34498.14257690002,1609.6135769000139,32888.529,202
2022-01-20 05:00:00,34157.85337690001,1609.6135769000139,32548.2398,202
2022-01-21 05:00:00,33742.35957690002,1609.6135769000139,32132.746000000003,202
2022-01-24 05:00:00,33586.07217690001,1609.6135769000139,31976.458599999998,202
2022-01-25 05:00:00,33222.02777690001,1609.6135769000139,31612.4142,202
2022-01-26 05:00:00,33204.21137690001,1609.6135769000139,31594.597799999996,202
2022-01-27 05:00:00,33111.23077690002,1609.6135769000139,31501.6172,202
2022-01-28 05:00:00,35309.33417690001,1609.6135769000139,33699.7206,202
2022-01-31 05:00:00,36155.191219100016,36155.191219100016,0.0,0
2022-02-01 05:00:00,36155.191219100016,36155.191219100016,0.0,0
2022-02-02 05:00:00,36155.191219100016,36155.191219100016,0.0,0
2022-02-03 05:00:00,36155.191219100016,36155.191219100016,0.0,0
2022-02-04 05:00:00,36155.191219100016,36155.191219100016,0.0,0
2022-02-07 05:00:00,36155.191219100016,36155.191219100016,0.0,0
2022-02-08 05:00:00,36155.191219100016,36155.191219100016,0.0,0
2022-02-09 05:00:00,36155.191219100016,36155.191219100016,0.0,0
2022-02-10 05:00:00,36155.191219100016,36155.191219100016,0.0,0
2022-02-11 05:00:00,36155.191219100016,36155.191219100016,0.0,0
2022-02-14 05:00:00,36155.191219100016,36155.191219100016,0.0,0
2022-02-15 05:00:00,36155.191219100016,36155.191219100016,0.0,0
2022-02-16 05:00:00,36155.191219100016,36155.191219100016,0.0,0
2022-02-17 05:00:00,36155.191219100016,36155.191219100016,0.0,0
2022-02-18 05:00:00,36155.191219100016,36155.191219100016,0.0,0
2022-02-22 05:00:00,36155.191219100016,36155.191219100016,0.0,0
2022-02-23 05:00:00,36155.191219100016,36155.191219100016,0.0,0
2022-02-24 05:00:00,36155.191219100016,36155.191219100016,0.0,0
2022-02-25 05:00:00,36155.191219100016,36155.191219100016,0.0,0
2022-02-28 05:00:00,36155.191219100016,36155.191219100016,0.0,0
2022-03-01 05:00:00,36155.191219100016,36155.191219100016,0.0,0
2022-03-02 05:00:00,36155.191219100016,36155.191219100016,0.0,0
2022-03-03 05:00:00,36155.191219100016,36155.191219100016,0.0,0
2022-03-04 05:00:00,36155.191219100016,36155.191219100016,0.0,0
2022-03-07 05:00:00,36155.191219100016,36155.191219100016,0.0,0
2022-03-08 05:00:00,36155.191219100016,36155.191219100016,0.0,0
2022-03-09 05:00:00,36155.191219100016,36155.191219100016,0.0,0
2022-03-10 05:00:00,36155.191219100016,36155.191219100016,0.0,0
2022-03-11 05:00:00,36155.191219100016,36155.191219100016,0.0,0
2022-03-14 04:00:00,36155.191219100016,36155.191219100016,0.0,0
2022-03-15 04:00:00,36155.191219100016,36155.191219100016,0.0,0
2022-03-16 04:00:00,36155.191219100016,36155.191219100016,0.0,0
2022-03-17 04:00:00,36155.191219100016,36155.191219100016,0.0,0
2022-03-18 04:00:00,36155.191219100016,36155.191219100016,0.0,0
2022-03-21 04:00:00,36155.191219100016,36155.191219100016,0.0,0
2022-03-22 04:00:00,36155.191219100016,36155.191219100016,0.0,0
2022-03-23 04:00:00,36155.191219100016,36155.191219100016,0.0,0
2022-03-24 04:00:00,36155.191219100016,36155.191219100016,0.0,0
2022-03-25 04:00:00,36155.191219100016,36155.191219100016,0.0,0
2022-03-28 04:00:00,36155.191219100016,36155.191219100016,0.0,0
2022-03-29 04:00:00,36155.191219100016,36155.191219100016,0.0,0
2022-03-30 04:00:00,36155.191219100016,36155.191219100016,0.0,0
2022-03-31 04:00:00,36155.191219100016,36155.191219100016,0.0,0
2022-04-01 04:00:00,36155.191219100016,36155.191219100016,0.0,0
2022-04-04 04:00:00,36155.191219100016,36155.191219100016,0.0,0
2022-04-05 04:00:00,36120.85489910001,1784.5348991000137,34336.32,200
2022-04-06 04:00:00,35487.31489910001,1784.5348991000137,33702.78,200
2022-04-07 04:00:00,35548.114899100015,1784.5348991000137,33763.58,200
2022-04-08 04:00:00,35146.034899100014,1784.5348991000137,33361.5,200
2022-04-11 04:00:00,34294.77489910001,1784.5348991000137,32510.239999999998,200
2022-04-12 04:00:00,34669.41489910001,1784.5348991000137,32884.88,200
2022-04-13 04:00:00,35206.83489910002,1784.5348991000137,33422.3,200
2022-04-14 04:00:00,34204.55489910001,1784.5348991000137,32420.02,200
2022-04-18 04:00:00,34161.41489910001,1784.5348991000137,32376.88,200
2022-04-19 04:00:00,34618.41489910001,1784.5348991000137,32833.88,200
2022-04-20 04:00:00,34585.074899100015,1784.5348991000137,32800.54,200
2022-04-21 04:00:00,34426.19489910002,1784.5348991000137,32641.660000000003,200
2022-04-22 04:00:00,33518.05489910001,1784.5348991000137,31733.519999999997,200
2022-04-25 04:00:00,33731.87489910002,1784.5348991000137,31947.340000000004,200
2022-04-26 04:00:00,32539.334899100013,1784.5348991000137,30754.8,200
2022-04-27 04:00:00,32494.21489910001,1784.5348991000137,30709.679999999997,200
2022-04-28 04:00:00,33880.91489910001,1784.5348991000137,32096.379999999997,200
2022-04-29 04:00:00,32706.05489910001,1784.5348991000137,30921.519999999997,200
2022-05-02 04:00:00,32766.854899100013,1784.5348991000137,30982.32,200
2022-05-03 04:00:00,33033.71443910001,33033.71443910001,0.0,0
2022-05-04 04:00:00,33033.71443910001,33033.71443910001,0.0,0
2022-05-05 04:00:00,33033.71443910001,33033.71443910001,0.0,0
2022-05-06 04:00:00,33033.71443910001,33033.71443910001,0.0,0
2022-05-09 04:00:00,33033.71443910001,33033.71443910001,0.0,0
2022-05-10 04:00:00,33033.71443910001,33033.71443910001,0.0,0
2022-05-11 04:00:00,33033.71443910001,33033.71443910001,0.0,0
2022-05-12 04:00:00,33033.71443910001,33033.71443910001,0.0,0
2022-05-13 04:00:00,33033.71443910001,33033.71443910001,0.0,0
2022-05-16 04:00:00,33033.71443910001,33033.71443910001,0.0,0
2022-05-17 04:00:00,33033.71443910001,33033.71443910001,0.0,0
2022-05-18 04:00:00,33033.71443910001,33033.71443910001,0.0,0
2022-05-19 04:00:00,33033.71443910001,33033.71443910001,0.0,0
2022-05-20 04:00:00,33033.71443910001,33033.71443910001,0.0,0
2022-05-23 04:00:00,33033.71443910001,33033.71443910001,0.0,0
2022-05-24 04:00:00,33033.71443910001,33033.71443910001,0.0,0
2022-05-25 04:00:00,33033.71443910001,33033.71443910001,0.0,0
2022-05-26 04:00:00,33033.71443910001,33033.71443910001,0.0,0
2022-05-27 04:00:00,33033.71443910001,33033.71443910001,0.0,0
2022-05-31 04:00:00,33033.71443910001,33033.71443910001,0.0,0
2022-06-01 04:00:00,33033.71443910001,33033.71443910001,0.0,0
2022-06-02 04:00:00,33033.71443910001,33033.71443910001,0.0,0
2022-06-03 04:00:00,33033.71443910001,33033.71443910001,0.0,0
2022-06-06 04:00:00,33033.71443910001,33033.71443910001,0.0,0
2022-06-07 04:00:00,33033.71443910001,33033.71443910001,0.0,0
2022-06-08 04:00:00,33033.71443910001,33033.71443910001,0.0,0
2022-06-09 04:00:00,33033.71443910001,33033.71443910001,0.0,0
2022-06-10 04:00:00,33033.71443910001,33033.71443910001,0.0,0
2022-06-13 04:00:00,33033.71443910001,33033.71443910001,0.0,0
2022-06-14 04:00:00,33033.71443910001,33033.71443910001,0.0,0
2022-06-15 04:00:00,33033.71443910001,33033.71443910001,0.0,0
2022-06-16 04:00:00,33033.71443910001,33033.71443910001,0.0,0
2022-06-17 04:00:00,33033.71443910001,33033.71443910001,0.0,0
2022-06-21 04:00:00,33033.71443910001,33033.71443910001,0.0,0
2022-06-22 04:00:00,33033.71443910001,33033.71443910001,0.0,0
2022-06-23 04:00:00,33033.71443910001,33033.71443910001,0.0,0
2022-06-24 04:00:00,33033.71443910001,33033.71443910001,0.0,0
2022-06-27 04:00:00,33033.71443910001,33033.71443910001,0.0,0
2022-06-28 04:00:00,33033.71443910001,33033.71443910001,0.0,0
2022-06-29 04:00:00,33033.71443910001,33033.71443910001,0.0,0
2022-06-30 04:00:00,33033.71443910001,33033.71443910001,0.0,0
2022-07-01 04:00:00,33033.71443910001,33033.71443910001,0.0,0
2022-07-05 04:00:00,33033.71443910001,33033.71443910001,0.0,0
2022-07-06 04:00:00,33033.71443910001,33033.71443910001,0.0,0
2022-07-07 04:00:00,33033.71443910001,33033.71443910001,0.0,0
2022-07-08 04:00:00,33033.71443910001,33033.71443910001,0.0,0
2022-07-11 04:00:00,33033.71443910001,33033.71443910001,0.0,0
2022-07-12 04:00:00,33033.71443910001,33033.71443910001,0.0,0
2022-07-13 04:00:00,33033.71443910001,33033.71443910001,0.0,0
2022-07-14 04:00:00,33033.71443910001,33033.71443910001,0.0,0
2022-07-15 04:00:00,33033.71443910001,33033.71443910001,0.0,0
2022-07-18 04:00:00,33033.71443910001,33033.71443910001,0.0,0
2022-07-19 04:00:00,33033.71443910001,33033.71443910001,0.0,0
2022-07-20 04:00:00,33002.450562300015,1738.5737623000132,31263.8768,208
2022-07-21 04:00:00,33474.34016230001,1738.5737623000132,31735.766399999997,208
2022-07-22 04:00:00,33216.940162300016,1738.5737623000132,31478.3664,208
2022-07-25 04:00:00,32984.06336230002,1738.5737623000132,31245.4896,208
2022-07-26 04:00:00,32708.25536230001,1738.5737623000132,30969.681599999996,208
2022-07-27 04:00:00,33768.51456230001,1738.5737623000132,32029.940800000004,208
2022-07-28 04:00:00,33882.91456230001,1738.5737623000132,32144.340799999998,208
2022-07-29 04:00:00,34937.01696230001,1738.5737623000132,33198.4432,208
2022-08-01 04:00:00,34732.74016230002,1738.5737623000132,32994.1664,208
2022-08-02 04:00:00,34426.31456230002,1738.5737623000132,32687.7408,208
2022-08-03 04:00:00,35676.54016230001,1738.5737623000132,33937.9664,208
2022-08-04 04:00:00,35611.16576230001,1738.5737623000132,33872.592,208
2022-08-05 04:00:00,35564.11616230002,1738.5737623000132,33825.542400000006,208
2022-08-08 04:00:00,35465.91936230002,1738.5737623000132,33727.3456,208
2022-08-09 04:00:00,35476.15296230001,1738.5737623000132,33737.5792,208
2022-08-10 04:00:00,36359.882562300016,1738.5737623000132,34621.3088,208
2022-08-11 04:00:00,36206.46176230002,1738.5737623000132,34467.888000000006,208
2022-08-12 04:00:00,36944.96576230001,1738.5737623000132,35206.392,208
2022-08-15 04:00:00,37167.941762300004,1738.5737623000132,35429.367999999995,208
2022-08-16 04:00:00,37135.20256230001,1738.5737623000132,35396.6288,208
2022-08-17 04:00:00,37446.162562300015,1738.5737623000132,35707.5888,208
2022-08-18 04:00:00,37364.335362300015,1738.5737623000132,35625.761600000005,208
2022-08-19 04:00:00,36826.30176230002,1738.5737623000132,35087.728,208
2022-08-22 04:00:00,36018.263362300015,1738.5737623000132,34279.6896,208
2022-08-23 04:00:00,35948.70816230001,1738.5737623000132,34210.1344,208
2022-08-24 04:00:00,36010.06816230001,1738.5737623000132,34271.494399999996,208
2022-08-25 04:00:00,36521.49856230001,1738.5737623000132,34782.92479999999,208
2022-08-26 04:00:00,35210.20416230001,1738.5737623000132,33471.6304,208
2022-08-29 04:00:00,34751.98016230001,1738.5737623000132,33013.4064,208
2022-08-30 04:00:00,34246.68576230001,1738.5737623000132,32508.111999999997,208
2022-08-31 04:00:00,33900.968962300016,1738.5737623000132,32162.395200000003,208
2022-09-01 04:00:00,34052.35136230002,1738.5737623000132,32313.7776,208
2022-09-02 04:00:00,33612.51456230001,1738.5737623000132,31873.940800000004,208
2022-09-06 04:00:00,33350.684162300015,1738.5737623000132,31612.1104,208
2022-09-07 04:00:00,33643.21536230001,1738.5737623000132,31904.6416,208
2022-09-08 04:00:00,33336.35296230001,1738.5737623000132,31597.779199999997,208
2022-09-09 04:00:00,33931.648962300016,1738.5737623000132,32193.075200000003,208
2022-09-12 04:00:00,35171.349762300015,1738.5737623000132,33432.776,208
2022-09-13 04:00:00,33209.51456230001,1738.5737623000132,31470.940800000004,208
2022-09-14 04:00:00,33510.24096230001,1738.5737623000132,31771.6672,208
2022-09-15 04:00:00,32908.80896230001,1738.5737623000132,31170.2352,208
2022-09-16 04:00:00,32567.168962300017,1738.5737623000132,30828.595200000003,208
2022-09-19 04:00:00,33308.84868550001,33308.84868550001,0.0,0
2022-09-20 04:00:00,33308.84868550001,33308.84868550001,0.0,0
2022-09-21 04:00:00,33308.84868550001,33308.84868550001,0.0,0
2022-09-22 04:00:00,33308.84868550001,33308.84868550001,0.0,0
2022-09-23 04:00:00,33308.84868550001,33308.84868550001,0.0,0
2022-09-26 04:00:00,33308.84868550001,33308.84868550001,0.0,0
2022-09-27 04:00:00,33308.84868550001,33308.84868550001,0.0,0
2022-09-28 04:00:00,33308.84868550001,33308.84868550001,0.0,0
2022-09-29 04:00:00,33308.84868550001,33308.84868550001,0.0,0
2022-09-30 04:00:00,33308.84868550001,33308.84868550001,0.0,0
2022-10-03 04:00:00,33308.84868550001,33308.84868550001,0.0,0
2022-10-04 04:00:00,33308.84868550001,33308.84868550001,0.0,0
2022-10-05 04:00:00,33308.84868550001,33308.84868550001,0.0,0
2022-10-06 04:00:00,33308.84868550001,33308.84868550001,0.0,0
2022-10-07 04:00:00,33308.84868550001,33308.84868550001,0.0,0
2022-10-10 04:00:00,33308.84868550001,33308.84868550001,0.0,0
2022-10-11 04:00:00,33308.84868550001,33308.84868550001,0.0,0
2022-10-12 04:00:00,33308.84868550001,33308.84868550001,0.0,0
2022-10-13 04:00:00,33308.84868550001,33308.84868550001,0.0,0
2022-10-14 04:00:00,33308.84868550001,33308.84868550001,0.0,0
2022-10-17 04:00:00,33308.84868550001,33308.84868550001,0.0,0
2022-10-18 04:00:00,33308.84868550001,33308.84868550001,0.0,0
2022-10-19 04:00:00,33308.84868550001,33308.84868550001,0.0,0
2022-10-20 04:00:00,33308.84868550001,33308.84868550001,0.0,0
2022-10-21 04:00:00,33308.84868550001,33308.84868550001,0.0,0
2022-10-24 04:00:00,33308.84868550001,33308.84868550001,0.0,0
2022-10-25 04:00:00,33308.84868550001,33308.84868550001,0.0,0
2022-10-26 04:00:00,33308.84868550001,33308.84868550001,0.0,0
2022-10-27 04:00:00,33308.84868550001,33308.84868550001,0.0,0
2022-10-28 04:00:00,33308.84868550001,33308.84868550001,0.0,0
2022-10-31 04:00:00,33308.84868550001,33308.84868550001,0.0,0
2022-11-01 04:00:00,33308.84868550001,33308.84868550001,0.0,0
2022-11-02 04:00:00,33308.84868550001,33308.84868550001,0.0,0
2022-11-03 04:00:00,33308.84868550001,33308.84868550001,0.0,0
2022-11-04 04:00:00,33308.84868550001,33308.84868550001,0.0,0
2022-11-07 05:00:00,33308.84868550001,33308.84868550001,0.0,0
2022-11-08 05:00:00,33308.84868550001,33308.84868550001,0.0,0
2022-11-09 05:00:00,33308.84868550001,33308.84868550001,0.0,0
2022-11-10 05:00:00,33308.84868550001,33308.84868550001,0.0,0
2022-11-11 05:00:00,33308.84868550001,33308.84868550001,0.0,0
2022-11-14 05:00:00,33308.84868550001,33308.84868550001,0.0,0
2022-11-15 05:00:00,33308.84868550001,33308.84868550001,0.0,0
2022-11-16 05:00:00,33308.84868550001,33308.84868550001,0.0,0
2022-11-17 05:00:00,33308.84868550001,33308.84868550001,0.0,0
2022-11-18 05:00:00,33308.84868550001,33308.84868550001,0.0,0
2022-11-21 05:00:00,33277.20787210001,1636.3944721000044,31640.813400000003,217
2022-11-22 05:00:00,33741.1104721,1636.3944721000044,32104.716,217
2022-11-23 05:00:00,33931.37607210001,1636.3944721000044,32294.981600000003,217
2022-11-25 05:00:00,33298.6040721,1636.3944721000044,31662.209600000002,217
2022-11-28 05:00:00,32467.016672100006,1636.3944721000044,30830.6222,217
2022-11-29 05:00:00,31784.818169800004,31784.818169800004,0.0,0
2022-11-30 05:00:00,31784.818169800004,31784.818169800004,0.0,0
2022-12-01 05:00:00,31754.720375000004,1656.9255750000084,30097.794799999996,206
2022-12-02 05:00:00,31653.26537500001,1656.9255750000084,29996.3398,206
2022-12-05 05:00:00,31413.790375000004,1656.9255750000084,29756.864799999996,206
2022-12-06 05:00:00,30658.86217500001,1656.9255750000084,29001.9366,206
2022-12-07 05:00:00,30259.07797500001,1656.9255750000084,28602.152400000003,206
2022-12-08 05:00:00,30606.08497500001,1656.9255750000084,28949.1594,206
2022-12-09 05:00:00,30506.64877500001,1656.9255750000084,28849.7232,206
2022-12-12 05:00:00,30979.50117500001,1656.9255750000084,29322.5756,206
2022-12-13 05:00:00,31178.373575000005,1656.9255750000084,29521.447999999997,206
2022-12-14 05:00:00,30719.73517500001,1656.9255750000084,29062.8096,206
2022-12-15 05:00:00,29358.033975000006,1656.9255750000084,27701.108399999997,206
2022-12-16 05:00:00,28954.17097500001,1656.9255750000084,27297.2454,206
2022-12-19 05:00:00,28493.01881880001,28493.01881880001,0.0,0
2022-12-20 05:00:00,28493.01881880001,28493.01881880001,0.0,0
2022-12-21 05:00:00,28493.01881880001,28493.01881880001,0.0,0
2022-12-22 05:00:00,28493.01881880001,28493.01881880001,0.0,0
2022-12-23 05:00:00,28493.01881880001,28493.01881880001,0.0,0
2022-12-27 05:00:00,28493.01881880001,28493.01881880001,0.0,0
2022-12-28 05:00:00,28493.01881880001,28493.01881880001,0.0,0
2022-12-29 05:00:00,28493.01881880001,28493.01881880001,0.0,0
2022-12-30 05:00:00,28493.01881880001,28493.01881880001,0.0,0
2023-01-03 05:00:00,28493.01881880001,28493.01881880001,0.0,0
2023-01-04 05:00:00,28493.01881880001,28493.01881880001,0.0,0
2023-01-05 05:00:00,28493.01881880001,28493.01881880001,0.0,0
2023-01-06 05:00:00,28493.01881880001,28493.01881880001,0.0,0
2023-01-09 05:00:00,28493.01881880001,28493.01881880001,0.0,0
2023-01-10 05:00:00,28493.01881880001,28493.01881880001,0.0,0
2023-01-11 05:00:00,28493.01881880001,28493.01881880001,0.0,0
2023-01-12 05:00:00,28493.01881880001,28493.01881880001,0.0,0
2023-01-13 05:00:00,28493.01881880001,28493.01881880001,0.0,0
2023-01-17 05:00:00,28493.01881880001,28493.01881880001,0.0,0
2023-01-18 05:00:00,28493.01881880001,28493.01881880001,0.0,0
2023-01-19 05:00:00,28493.01881880001,28493.01881880001,0.0,0
2023-01-20 05:00:00,28493.01881880001,28493.01881880001,0.0,0
2023-01-23 05:00:00,28493.01881880001,28493.01881880001,0.0,0
2023-01-24 05:00:00,28493.01881880001,28493.01881880001,0.0,0
2023-01-25 05:00:00,28493.01881880001,28493.01881880001,0.0,0
2023-01-26 05:00:00,28493.01881880001,28493.01881880001,0.0,0
2023-01-27 05:00:00,28493.01881880001,28493.01881880001,0.0,0
2023-01-30 05:00:00,28493.01881880001,28493.01881880001,0.0,0
2023-01-31 05:00:00,28493.01881880001,28493.01881880001,0.0,0
2023-02-01 05:00:00,28493.01881880001,28493.01881880001,0.0,0
2023-02-02 05:00:00,28493.01881880001,28493.01881880001,0.0,0
2023-02-03 05:00:00,28493.01881880001,28493.01881880001,0.0,0
2023-02-06 05:00:00,28493.01881880001,28493.01881880001,0.0,0
2023-02-07 05:00:00,28493.01881880001,28493.01881880001,0.0,0
2023-02-08 05:00:00,28493.01881880001,28493.01881880001,0.0,0
2023-02-09 05:00:00,28493.01881880001,28493.01881880001,0.0,0
2023-02-10 05:00:00,28493.01881880001,28493.01881880001,0.0,0
2023-02-13 05:00:00,28493.01881880001,28493.01881880001,0.0,0
2023-02-14 05:00:00,28493.01881880001,28493.01881880001,0.0,0
2023-02-15 05:00:00,28493.01881880001,28493.01881880001,0.0,0
2023-02-16 05:00:00,28493.01881880001,28493.01881880001,0.0,0
2023-02-17 05:00:00,28493.01881880001,28493.01881880001,0.0,0
2023-02-21 05:00:00,28493.01881880001,28493.01881880001,0.0,0
2023-02-22 05:00:00,28493.01881880001,28493.01881880001,0.0,0
2023-02-23 05:00:00,28493.01881880001,28493.01881880001,0.0,0
2023-02-24 05:00:00,28493.01881880001,28493.01881880001,0.0,0
2023-02-27 05:00:00,28493.01881880001,28493.01881880001,0.0,0
2023-02-28 05:00:00,28493.01881880001,28493.01881880001,0.0,0
2023-03-01 05:00:00,28493.01881880001,28493.01881880001,0.0,0
2023-03-02 05:00:00,28493.01881880001,28493.01881880001,0.0,0
2023-03-03 05:00:00,28493.01881880001,28493.01881880001,0.0,0
2023-03-06 05:00:00,28493.01881880001,28493.01881880001,0.0,0
2023-03-07 05:00:00,28493.01881880001,28493.01881880001,0.0,0
2023-03-08 05:00:00,28493.01881880001,28493.01881880001,0.0,0
2023-03-09 05:00:00,28493.01881880001,28493.01881880001,0.0,0
2023-03-10 05:00:00,28493.01881880001,28493.01881880001,0.0,0
2023-03-13 04:00:00,28493.01881880001,28493.01881880001,0.0,0
2023-03-14 04:00:00,28493.01881880001,28493.01881880001,0.0,0
2023-03-15 04:00:00,28493.01881880001,28493.01881880001,0.0,0
2023-03-16 04:00:00,28493.01881880001,28493.01881880001,0.0,0
2023-03-17 04:00:00,28493.01881880001,28493.01881880001,0.0,0
2023-03-20 04:00:00,28493.01881880001,28493.01881880001,0.0,0
2023-03-21 04:00:00,28493.01881880001,28493.01881880001,0.0,0
2023-03-22 04:00:00,28493.01881880001,28493.01881880001,0.0,0
2023-03-23 04:00:00,28493.01881880001,28493.01881880001,0.0,0
2023-03-24 04:00:00,28493.01881880001,28493.01881880001,0.0,0
2023-03-27 04:00:00,28493.01881880001,28493.01881880001,0.0,0
2023-03-28 04:00:00,28493.01881880001,28493.01881880001,0.0,0
2023-03-29 04:00:00,28493.01881880001,28493.01881880001,0.0,0
2023-03-30 04:00:00,28493.01881880001,28493.01881880001,0.0,0
2023-03-31 04:00:00,28493.01881880001,28493.01881880001,0.0,0
2023-04-03 04:00:00,28493.01881880001,28493.01881880001,0.0,0
2023-04-04 04:00:00,28493.01881880001,28493.01881880001,0.0,0
2023-04-05 04:00:00,28493.01881880001,28493.01881880001,0.0,0
2023-04-06 04:00:00,28493.01881880001,28493.01881880001,0.0,0
2023-04-10 04:00:00,28493.01881880001,28493.01881880001,0.0,0
2023-04-11 04:00:00,28493.01881880001,28493.01881880001,0.0,0
2023-04-12 04:00:00,28493.01881880001,28493.01881880001,0.0,0
2023-04-13 04:00:00,28493.01881880001,28493.01881880001,0.0,0
2023-04-14 04:00:00,28493.01881880001,28493.01881880001,0.0,0
2023-04-17 04:00:00,28493.01881880001,28493.01881880001,0.0,0
2023-04-18 04:00:00,28493.01881880001,28493.01881880001,0.0,0
2023-04-19 04:00:00,28493.01881880001,28493.01881880001,0.0,0
2023-04-20 04:00:00,28493.01881880001,28493.01881880001,0.0,0
2023-04-21 04:00:00,28493.01881880001,28493.01881880001,0.0,0
2023-04-24 04:00:00,28493.01881880001,28493.01881880001,0.0,0
2023-04-25 04:00:00,28493.01881880001,28493.01881880001,0.0,0
2023-04-26 04:00:00,28493.01881880001,28493.01881880001,0.0,0
2023-04-27 04:00:00,28493.01881880001,28493.01881880001,0.0,0
2023-04-28 04:00:00,28493.01881880001,28493.01881880001,0.0,0
2023-05-01 04:00:00,28493.01881880001,28493.01881880001,0.0,0
2023-05-02 04:00:00,28493.01881880001,28493.01881880001,0.0,0
2023-05-03 04:00:00,28493.01881880001,28493.01881880001,0.0,0
2023-05-04 04:00:00,28493.01881880001,28493.01881880001,0.0,0
2023-05-05 04:00:00,28493.01881880001,28493.01881880001,0.0,0
2023-05-08 04:00:00,28493.01881880001,28493.01881880001,0.0,0
2023-05-09 04:00:00,28493.01881880001,28493.01881880001,0.0,0
2023-05-10 04:00:00,28493.01881880001,28493.01881880001,0.0,0
2023-05-11 04:00:00,28493.01881880001,28493.01881880001,0.0,0
2023-05-12 04:00:00,28493.01881880001,28493.01881880001,0.0,0
2023-05-15 04:00:00,28493.01881880001,28493.01881880001,0.0,0
2023-05-16 04:00:00,28493.01881880001,28493.01881880001,0.0,0
2023-05-17 04:00:00,28493.01881880001,28493.01881880001,0.0,0
2023-05-18 04:00:00,28493.01881880001,28493.01881880001,0.0,0
2023-05-19 04:00:00,28493.01881880001,28493.01881880001,0.0,0
2023-05-22 04:00:00,28493.01881880001,28493.01881880001,0.0,0
2023-05-23 04:00:00,28493.01881880001,28493.01881880001,0.0,0
2023-05-24 04:00:00,28493.01881880001,28493.01881880001,0.0,0
2023-05-25 04:00:00,28493.01881880001,28493.01881880001,0.0,0
2023-05-26 04:00:00,28493.01881880001,28493.01881880001,0.0,0
2023-05-30 04:00:00,28493.01881880001,28493.01881880001,0.0,0
2023-05-31 04:00:00,28493.01881880001,28493.01881880001,0.0,0
2023-06-01 04:00:00,28493.01881880001,28493.01881880001,0.0,0
2023-06-02 04:00:00,28493.01881880001,28493.01881880001,0.0,0
2023-06-05 04:00:00,28493.01881880001,28493.01881880001,0.0,0
2023-06-06 04:00:00,28493.01881880001,28493.01881880001,0.0,0
2023-06-07 04:00:00,28493.01881880001,28493.01881880001,0.0,0
2023-06-08 04:00:00,28493.01881880001,28493.01881880001,0.0,0
2023-06-09 04:00:00,28493.01881880001,28493.01881880001,0.0,0
2023-06-12 04:00:00,28493.01881880001,28493.01881880001,0.0,0
2023-06-13 04:00:00,28493.01881880001,28493.01881880001,0.0,0
2023-06-14 04:00:00,28493.01881880001,28493.01881880001,0.0,0
2023-06-15 04:00:00,28493.01881880001,28493.01881880001,0.0,0
2023-06-16 04:00:00,28493.01881880001,28493.01881880001,0.0,0
2023-06-20 04:00:00,28493.01881880001,28493.01881880001,0.0,0
2023-06-21 04:00:00,28493.01881880001,28493.01881880001,0.0,0
2023-06-22 04:00:00,28493.01881880001,28493.01881880001,0.0,0
2023-06-23 04:00:00,28493.01881880001,28493.01881880001,0.0,0
2023-06-26 04:00:00,28493.01881880001,28493.01881880001,0.0,0
2023-06-27 04:00:00,28493.01881880001,28493.01881880001,0.0,0
2023-06-28 04:00:00,28493.01881880001,28493.01881880001,0.0,0
2023-06-29 04:00:00,28493.01881880001,28493.01881880001,0.0,0
2023-06-30 04:00:00,28493.01881880001,28493.01881880001,0.0,0
2023-07-03 04:00:00,28493.01881880001,28493.01881880001,0.0,0
2023-07-05 04:00:00,28493.01881880001,28493.01881880001,0.0,0
2023-07-06 04:00:00,28493.01881880001,28493.01881880001,0.0,0
2023-07-07 04:00:00,28493.01881880001,28493.01881880001,0.0,0
2023-07-10 04:00:00,28493.01881880001,28493.01881880001,0.0,0
2023-07-11 04:00:00,28493.01881880001,28493.01881880001,0.0,0
2023-07-12 04:00:00,28493.01881880001,28493.01881880001,0.0,0
2023-07-13 04:00:00,28493.01881880001,28493.01881880001,0.0,0
2023-07-14 04:00:00,28493.01881880001,28493.01881880001,0.0,0
2023-07-17 04:00:00,28493.01881880001,28493.01881880001,0.0,0
2023-07-18 04:00:00,28493.01881880001,28493.01881880001,0.0,0
2023-07-19 04:00:00,28493.01881880001,28493.01881880001,0.0,0
2023-07-20 04:00:00,28493.01881880001,28493.01881880001,0.0,0
2023-07-21 04:00:00,28493.01881880001,28493.01881880001,0.0,0
2023-07-24 04:00:00,28493.01881880001,28493.01881880001,0.0,0
2023-07-25 04:00:00,28493.01881880001,28493.01881880001,0.0,0
2023-07-26 04:00:00,28493.01881880001,28493.01881880001,0.0,0
2023-07-27 04:00:00,28493.01881880001,28493.01881880001,0.0,0
2023-07-28 04:00:00,28493.01881880001,28493.01881880001,0.0,0
2023-07-31 04:00:00,28493.01881880001,28493.01881880001,0.0,0
2023-08-01 04:00:00,28493.01881880001,28493.01881880001,0.0,0
2023-08-02 04:00:00,28493.01881880001,28493.01881880001,0.0,0
2023-08-03 04:00:00,28493.01881880001,28493.01881880001,0.0,0
2023-08-04 04:00:00,28493.01881880001,28493.01881880001,0.0,0
2023-08-07 04:00:00,28493.01881880001,28493.01881880001,0.0,0
2023-08-08 04:00:00,28493.01881880001,28493.01881880001,0.0,0
2023-08-09 04:00:00,28493.01881880001,28493.01881880001,0.0,0
2023-08-10 04:00:00,28493.01881880001,28493.01881880001,0.0,0
2023-08-11 04:00:00,28493.01881880001,28493.01881880001,0.0,0
2023-08-14 04:00:00,28493.01881880001,28493.01881880001,0.0,0
2023-08-15 04:00:00,28493.01881880001,28493.01881880001,0.0,0
2023-08-16 04:00:00,28493.01881880001,28493.01881880001,0.0,0
2023-08-17 04:00:00,28493.01881880001,28493.01881880001,0.0,0
2023-08-18 04:00:00,28493.01881880001,28493.01881880001,0.0,0
2023-08-21 04:00:00,28493.01881880001,28493.01881880001,0.0,0
2023-08-22 04:00:00,28493.01881880001,28493.01881880001,0.0,0
2023-08-23 04:00:00,28493.01881880001,28493.01881880001,0.0,0
2023-08-24 04:00:00,28493.01881880001,28493.01881880001,0.0,0
2023-08-25 04:00:00,28493.01881880001,28493.01881880001,0.0,0
2023-08-28 04:00:00,28493.01881880001,28493.01881880001,0.0,0
2023-08-29 04:00:00,28493.01881880001,28493.01881880001,0.0,0
2023-08-30 04:00:00,28493.01881880001,28493.01881880001,0.0,0
2023-08-31 04:00:00,28493.01881880001,28493.01881880001,0.0,0
2023-09-01 04:00:00,28493.01881880001,28493.01881880001,0.0,0
2023-09-05 04:00:00,28493.01881880001,28493.01881880001,0.0,0
2023-09-06 04:00:00,28493.01881880001,28493.01881880001,0.0,0
2023-09-07 04:00:00,28493.01881880001,28493.01881880001,0.0,0
2023-09-08 04:00:00,28493.01881880001,28493.01881880001,0.0,0
2023-09-11 04:00:00,28493.01881880001,28493.01881880001,0.0,0
2023-09-12 04:00:00,28493.01881880001,28493.01881880001,0.0,0
2023-09-13 04:00:00,28493.01881880001,28493.01881880001,0.0,0
2023-09-14 04:00:00,28493.01881880001,28493.01881880001,0.0,0
2023-09-15 04:00:00,28493.01881880001,28493.01881880001,0.0,0
2023-09-18 04:00:00,28493.01881880001,28493.01881880001,0.0,0
2023-09-19 04:00:00,28493.01881880001,28493.01881880001,0.0,0
2023-09-20 04:00:00,28493.01881880001,28493.01881880001,0.0,0
2023-09-21 04:00:00,28493.01881880001,28493.01881880001,0.0,0
2023-09-22 04:00:00,28493.01881880001,28493.01881880001,0.0,0
2023-09-25 04:00:00,28493.01881880001,28493.01881880001,0.0,0
2023-09-26 04:00:00,28493.01881880001,28493.01881880001,0.0,0
2023-09-27 04:00:00,28493.01881880001,28493.01881880001,0.0,0
2023-09-28 04:00:00,28493.01881880001,28493.01881880001,0.0,0
2023-09-29 04:00:00,28493.01881880001,28493.01881880001,0.0,0
2023-10-02 04:00:00,28493.01881880001,28493.01881880001,0.0,0
2023-10-03 04:00:00,28493.01881880001,28493.01881880001,0.0,0
2023-10-04 04:00:00,28493.01881880001,28493.01881880001,0.0,0
2023-10-05 04:00:00,28493.01881880001,28493.01881880001,0.0,0
2023-10-06 04:00:00,28493.01881880001,28493.01881880001,0.0,0
2023-10-09 04:00:00,28493.01881880001,28493.01881880001,0.0,0
2023-10-10 04:00:00,28493.01881880001,28493.01881880001,0.0,0
2023-10-11 04:00:00,28493.01881880001,28493.01881880001,0.0,0
2023-10-12 04:00:00,28493.01881880001,28493.01881880001,0.0,0
2023-10-13 04:00:00,28493.01881880001,28493.01881880001,0.0,0
2023-10-16 04:00:00,28493.01881880001,28493.01881880001,0.0,0
2023-10-17 04:00:00,28493.01881880001,28493.01881880001,0.0,0
2023-10-18 04:00:00,28493.01881880001,28493.01881880001,0.0,0
2023-10-19 04:00:00,28493.01881880001,28493.01881880001,0.0,0
2023-10-20 04:00:00,28493.01881880001,28493.01881880001,0.0,0
2023-10-23 04:00:00,28493.01881880001,28493.01881880001,0.0,0
2023-10-24 04:00:00,28493.01881880001,28493.01881880001,0.0,0
2023-10-25 04:00:00,28493.01881880001,28493.01881880001,0.0,0
2023-10-26 04:00:00,28493.01881880001,28493.01881880001,0.0,0
2023-10-27 04:00:00,28493.01881880001,28493.01881880001,0.0,0
2023-10-30 04:00:00,28493.01881880001,28493.01881880001,0.0,0
2023-10-31 04:00:00,28493.01881880001,28493.01881880001,0.0,0
2023-11-01 04:00:00,28493.01881880001,28493.01881880001,0.0,0
2023-11-02 04:00:00,28493.01881880001,28493.01881880001,0.0,0
2023-11-03 04:00:00,28493.01881880001,28493.01881880001,0.0,0
2023-11-06 05:00:00,28493.01881880001,28493.01881880001,0.0,0
2023-11-07 05:00:00,28493.01881880001,28493.01881880001,0.0,0
2023-11-08 05:00:00,28493.01881880001,28493.01881880001,0.0,0
2023-11-09 05:00:00,28493.01881880001,28493.01881880001,0.0,0
2023-11-10 05:00:00,28493.01881880001,28493.01881880001,0.0,0
2023-11-13 05:00:00,28493.01881880001,28493.01881880001,0.0,0
2023-11-14 05:00:00,28466.09429080001,1541.5662908000122,26924.528,145
2023-11-15 05:00:00,28547.975790800014,1541.5662908000122,27006.4095,145
2023-11-16 05:00:00,28792.170290800015,1541.5662908000122,27250.604000000003,145
2023-11-17 05:00:00,28789.299290800012,1541.5662908000122,27247.733,145
2023-11-20 05:00:00,29042.10679080001,1541.5662908000122,27500.5405,145
2023-11-21 05:00:00,28925.744290800012,1541.5662908000122,27384.178,145
2023-11-22 05:00:00,29021.995290800012,1541.5662908000122,27480.429,145
2023-11-24 05:00:00,28829.507790800013,1541.5662908000122,27287.9415,145
2023-11-27 05:00:00,28803.654290800012,1541.5662908000122,27262.088,145
2023-11-28 05:00:00,28891.27779080001,1541.5662908000122,27349.711499999998,145
2023-11-29 05:00:00,28743.31979080001,1541.5662908000122,27201.7535,145
2023-11-30 05:00:00,28826.63679080001,1541.5662908000122,27285.070499999998,145
2023-12-01 05:00:00,29011.93229080001,1541.5662908000122,27470.365999999998,145
2023-12-04 05:00:00,28751.947290800013,1541.5662908000122,27210.381,145
2023-12-05 05:00:00,29325.07429080001,1541.5662908000122,27783.507999999998,145
2023-12-06 05:00:00,29167.067790800014,1541.5662908000122,27625.501500000002,145
2023-12-07 05:00:00,29447.17879080001,1541.5662908000122,27905.6125,145
2023-12-08 05:00:00,29654.02129080001,1541.5662908000122,28112.454999999998,145
2023-12-11 05:00:00,29290.607790800015,1541.5662908000122,27749.041500000003,145
2023-12-12 05:00:00,29510.38429080001,1541.5662908000122,27968.818,145
2023-12-13 05:00:00,29977.226290800012,1541.5662908000122,28435.66,145
2023-12-14 05:00:00,29998.77329080001,1541.5662908000122,28457.207,145
2023-12-15 05:00:00,29921.19829080001,1541.5662908000122,28379.631999999998,145
2023-12-18 05:00:00,29679.87479080001,1541.5662908000122,28138.3085,145
2023-12-19 05:00:00,29830.703790800013,1541.5662908000122,28289.1375,145
2023-12-20 05:00:00,29527.610290800014,1541.5662908000122,27986.044,145
2023-12-21 05:00:00,29506.06329080001,1541.5662908000122,27964.497,145
2023-12-22 05:00:00,29350.942290800012,1541.5662908000122,27809.376,145
2023-12-26 05:00:00,29271.931790800012,1541.5662908000122,27730.3655,145
2023-12-27 05:00:00,29286.30129080001,1541.5662908000122,27744.734999999997,145
2023-12-28 05:00:00,29348.056790800012,1541.5662908000122,27806.4905,145
2023-12-29 05:00:00,29197.24229080001,1541.5662908000122,27655.676,145
2024-01-02 05:00:00,28207.530290800012,1541.5662908000122,26665.964,145
2024-01-03 05:00:00,28007.86529080001,1541.5662908000122,26466.299,145
2024-01-04 05:00:00,27671.740790800013,1541.5662908000122,26130.1745,145
2024-01-05 05:00:00,27566.876790800015,1541.5662908000122,26025.310500000003,145
2024-01-08 05:00:00,28196.046290800015,1541.5662908000122,26654.480000000003,145
2024-01-09 05:00:00,28135.711790800015,1541.5662908000122,26594.145500000002,145
2024-01-10 05:00:00,28286.540790800012,1541.5662908000122,26744.9745,145
2024-01-11 05:00:00,28200.352790800014,1541.5662908000122,26658.786500000002,145
2024-01-12 05:00:00,28247.75329080001,1541.5662908000122,26706.186999999998,145
2024-01-16 05:00:00,27918.806290800014,1541.5662908000122,26377.24,145
2024-01-17 05:00:00,27756.106010300013,27756.106010300013,0.0,0
2024-01-18 05:00:00,27756.106010300013,27756.106010300013,0.0,0
2024-01-19 05:00:00,27756.106010300013,27756.106010300013,0.0,0
2024-01-22 05:00:00,27756.106010300013,27756.106010300013,0.0,0
2024-01-23 05:00:00,27756.106010300013,27756.106010300013,0.0,0
2024-01-24 05:00:00,27756.106010300013,27756.106010300013,0.0,0
2024-01-25 05:00:00,27756.106010300013,27756.106010300013,0.0,0
2024-01-26 05:00:00,27756.106010300013,27756.106010300013,0.0,0
2024-01-29 05:00:00,27756.106010300013,27756.106010300013,0.0,0
2024-01-30 05:00:00,27756.106010300013,27756.106010300013,0.0,0
2024-01-31 05:00:00,27756.106010300013,27756.106010300013,0.0,0
2024-02-01 05:00:00,27756.106010300013,27756.106010300013,0.0,0
2024-02-02 05:00:00,27756.106010300013,27756.106010300013,0.0,0
2024-02-05 05:00:00,27756.106010300013,27756.106010300013,0.0,0
2024-02-06 05:00:00,27756.106010300013,27756.106010300013,0.0,0
2024-02-07 05:00:00,27756.106010300013,27756.106010300013,0.0,0
2024-02-08 05:00:00,27756.106010300013,27756.106010300013,0.0,0
2024-02-09 05:00:00,27756.106010300013,27756.106010300013,0.0,0
2024-02-12 05:00:00,27756.106010300013,27756.106010300013,0.0,0
2024-02-13 05:00:00,27756.106010300013,27756.106010300013,0.0,0
2024-02-14 05:00:00,27756.106010300013,27756.106010300013,0.0,0
2024-02-15 05:00:00,27756.106010300013,27756.106010300013,0.0,0
2024-02-16 05:00:00,27756.106010300013,27756.106010300013,0.0,0
2024-02-20 05:00:00,27756.106010300013,27756.106010300013,0.0,0
2024-02-21 05:00:00,27756.106010300013,27756.106010300013,0.0,0
2024-02-22 05:00:00,27756.106010300013,27756.106010300013,0.0,0
2024-02-23 05:00:00,27756.106010300013,27756.106010300013,0.0,0
2024-02-26 05:00:00,27756.106010300013,27756.106010300013,0.0,0
2024-02-27 05:00:00,27756.106010300013,27756.106010300013,0.0,0
2024-02-28 05:00:00,27756.106010300013,27756.106010300013,0.0,0
2024-02-29 05:00:00,27756.106010300013,27756.106010300013,0.0,0
2024-03-01 05:00:00,27756.106010300013,27756.106010300013,0.0,0
2024-03-04 05:00:00,27756.106010300013,27756.106010300013,0.0,0
2024-03-05 05:00:00,27756.106010300013,27756.106010300013,0.0,0
2024-03-06 05:00:00,27756.106010300013,27756.106010300013,0.0,0
2024-03-07 05:00:00,27756.106010300013,27756.106010300013,0.0,0
2024-03-08 05:00:00,27756.106010300013,27756.106010300013,0.0,0
2024-03-11 04:00:00,27756.106010300013,27756.106010300013,0.0,0
2024-03-12 04:00:00,27756.106010300013,27756.106010300013,0.0,0
2024-03-13 04:00:00,27756.106010300013,27756.106010300013,0.0,0
2024-03-14 04:00:00,27756.106010300013,27756.106010300013,0.0,0
2024-03-15 04:00:00,27756.106010300013,27756.106010300013,0.0,0
2024-03-18 04:00:00,27756.106010300013,27756.106010300013,0.0,0
2024-03-19 04:00:00,27756.106010300013,27756.106010300013,0.0,0
2024-03-20 04:00:00,27756.106010300013,27756.106010300013,0.0,0
2024-03-21 04:00:00,27756.106010300013,27756.106010300013,0.0,0
2024-03-22 04:00:00,27756.106010300013,27756.106010300013,0.0,0
2024-03-25 04:00:00,27756.106010300013,27756.106010300013,0.0,0
2024-03-26 04:00:00,27756.106010300013,27756.106010300013,0.0,0
2024-03-27 04:00:00,27756.106010300013,27756.106010300013,0.0,0
2024-03-28 04:00:00,27756.106010300013,27756.106010300013,0.0,0
2024-04-01 04:00:00,27756.106010300013,27756.106010300013,0.0,0
2024-04-02 04:00:00,27756.106010300013,27756.106010300013,0.0,0
2024-04-03 04:00:00,27756.106010300013,27756.106010300013,0.0,0
2024-04-04 04:00:00,27756.106010300013,27756.106010300013,0.0,0
2024-04-05 04:00:00,27756.106010300013,27756.106010300013,0.0,0
2024-04-08 04:00:00,27756.106010300013,27756.106010300013,0.0,0
2024-04-09 04:00:00,27756.106010300013,27756.106010300013,0.0,0
2024-04-10 04:00:00,27756.106010300013,27756.106010300013,0.0,0
2024-04-11 04:00:00,27756.106010300013,27756.106010300013,0.0,0
2024-04-12 04:00:00,27756.106010300013,27756.106010300013,0.0,0
2024-04-15 04:00:00,27756.106010300013,27756.106010300013,0.0,0
2024-04-16 04:00:00,27756.106010300013,27756.106010300013,0.0,0
2024-04-17 04:00:00,27756.106010300013,27756.106010300013,0.0,0
2024-04-18 04:00:00,27756.106010300013,27756.106010300013,0.0,0
2024-04-19 04:00:00,27756.106010300013,27756.106010300013,0.0,0
2024-04-22 04:00:00,27756.106010300013,27756.106010300013,0.0,0
2024-04-23 04:00:00,27756.106010300013,27756.106010300013,0.0,0
2024-04-24 04:00:00,27756.106010300013,27756.106010300013,0.0,0
2024-04-25 04:00:00,27756.106010300013,27756.106010300013,0.0,0
2024-04-26 04:00:00,27756.106010300013,27756.106010300013,0.0,0
2024-04-29 04:00:00,27756.106010300013,27756.106010300013,0.0,0
2024-04-30 04:00:00,27756.106010300013,27756.106010300013,0.0,0
2024-05-01 04:00:00,27756.106010300013,27756.106010300013,0.0,0
2024-05-02 04:00:00,27756.106010300013,27756.106010300013,0.0,0
2024-05-03 04:00:00,27756.106010300013,27756.106010300013,0.0,0
2024-05-06 04:00:00,27756.106010300013,27756.106010300013,0.0,0
2024-05-07 04:00:00,27756.106010300013,27756.106010300013,0.0,0
2024-05-08 04:00:00,27729.823107300013,1446.9201073000113,26282.903000000002,145
2024-05-09 04:00:00,27993.027107300015,1446.9201073000113,26546.107000000004,145
2024-05-10 04:00:00,27810.10960730001,1446.9201073000113,26363.1895,145
2024-05-13 04:00:00,28275.298607300014,1446.9201073000113,26828.378500000003,145
2024-05-14 04:00:00,28440.932107300014,1446.9201073000113,26994.012000000002,145
2024-05-15 04:00:00,28770.73460730001,1446.9201073000113,27323.8145,145
2024-05-16 04:00:00,28788.01860730001,1446.9201073000113,27341.0985,145
2024-05-17 04:00:00,28792.33960730001,1446.9201073000113,27345.4195,145
2024-05-20 04:00:00,28960.844107300014,1446.9201073000113,27513.924000000003,145
2024-05-21 04:00:00,29149.518107300013,1446.9201073000113,27702.598,145
2024-05-22 04:00:00,28940.68910730001,1446.9201073000113,27493.769,145
2024-05-23 04:00:00,28361.718607300012,1446.9201073000113,26914.7985,145
2024-05-24 04:00:00,28808.17360730001,1446.9201073000113,27361.2535,145
2024-05-28 04:00:00,28809.62360730001,1446.9201073000113,27362.7035,145
2024-05-29 04:00:00,28852.833607300014,1446.9201073000113,27405.913500000002,145
2024-05-30 04:00:00,28996.847607300013,1446.9201073000113,27549.9275,145
2024-05-31 04:00:00,29135.119607300014,1446.9201073000113,27688.199500000002,145
2024-06-03 04:00:00,29391.465107300013,1446.9201073000113,27944.545000000002,145
2024-06-04 04:00:00,29437.560607300013,1446.9201073000113,27990.6405,145
2024-06-05 04:00:00,29656.46710730001,1446.9201073000113,28209.547,145
2024-06-06 04:00:00,29456.280107300012,1446.9201073000113,28009.36,145
2024-06-07 04:00:00,29803.38110730001,1446.9201073000113,28356.461,145
2024-06-10 04:00:00,29260.414107300014,1446.9201073000113,27813.494000000002,145
2024-06-11 04:00:00,31281.03260730001,1446.9201073000113,29834.1125,145
2024-06-12 04:00:00,32133.64710730001,1446.9201073000113,30686.727,145
2024-06-13 04:00:00,32302.151607300013,1446.9201073000113,30855.2315,145
2024-06-14 04:00:00,32050.112607300012,1446.9201073000113,30603.1925,145
2024-06-17 04:00:00,32652.12360730001,1446.9201073000113,31205.2035,145
2024-06-18 04:00:00,32309.343607300012,1446.9201073000113,30862.4235,145
2024-06-20 04:00:00,31645.417607300013,1446.9201073000113,30198.4975,145
2024-06-21 04:00:00,31330.013607300014,1446.9201073000113,29883.093500000003,145
2024-06-24 04:00:00,31423.625607300008,1446.9201073000113,29976.705499999996,145
2024-06-25 04:00:00,31557.562107300015,1446.9201073000113,30110.642000000003,145
2024-06-26 04:00:00,32159.57310730001,1446.9201073000113,30712.653,145
2024-06-27 04:00:00,32281.99660730001,1446.9201073000113,30835.0765,145
2024-06-28 04:00:00,31780.78960730001,1446.9201073000113,30333.869499999997,145
2024-07-01 04:00:00,32663.65110730001,1446.9201073000113,31216.731,145
2024-07-02 04:00:00,33170.60010730001,1446.9201073000113,31723.68,145
2024-07-03 04:00:00,33354.95310730001,1446.9201073000113,31908.033,145
2024-07-05 04:00:00,34044.819607300014,1446.9201073000113,32597.8995,145
2024-07-08 04:00:00,34257.96960730001,1446.9201073000113,32811.0495,145
2024-07-09 04:00:00,34381.82860730002,1446.9201073000113,32934.908500000005,145
2024-07-10 04:00:00,35001.123607300004,1446.9201073000113,33554.203499999996,145
2024-07-11 04:00:00,34221.96610730002,1446.9201073000113,32775.046,145
2024-07-12 04:00:00,34649.70160730001,1446.9201073000113,33202.7815,145
2024-07-15 04:00:00,35205.631607300005,1446.9201073000113,33758.7115,145
2024-07-16 04:00:00,35266.12560730001,1446.9201073000113,33819.2055,145
2024-07-17 04:00:00,34410.62560730001,1446.9201073000113,32963.705500000004,145
2024-07-18 04:00:00,33733.72210730001,1446.9201073000113,32286.802,145
2024-07-19 04:00:00,33752.45610730001,1446.9201073000113,32305.536,145
2024-07-22 04:00:00,33702.03960730001,1446.9201073000113,32255.119499999997,145
2024-07-23 04:00:00,33853.27460730001,1446.9201073000113,32406.354499999998,145
2024-07-24 04:00:00,32921.44660730001,1446.9201073000113,31474.5265,145
2024-07-25 04:00:00,32770.22610730001,1446.9201073000113,31323.305999999997,145
2024-07-26 04:00:00,32837.91210730001,1446.9201073000113,31390.992,145
2024-07-29 04:00:00,32878.23660730001,1446.9201073000113,31431.316499999997,145
2024-07-30 04:00:00,32958.90010730001,1446.9201073000113,31511.980000000003,145
2024-07-31 04:00:00,33431.281107300005,1446.9201073000113,31984.360999999997,145
2024-08-01 04:00:00,32895.520607300015,1446.9201073000113,31448.6005,145
2024-08-02 04:00:00,33111.55610730001,1446.9201073000113,31664.636,145
2024-08-05 04:00:00,31586.359107300013,1446.9201073000113,30139.439000000002,145
2024-08-06 04:00:00,31292.56010730001,1446.9201073000113,29845.64,145
2024-08-07 04:00:00,31665.57260730001,1446.9201073000113,30218.6525,145
2024-08-08 04:00:00,32168.215107300013,1446.9201073000113,30721.295000000002,145
2024-08-09 04:00:00,32590.194107300013,1446.9201073000113,31143.274,145
2024-08-12 04:00:00,32812.24710730001,1446.9201073000113,31365.327,145
2024-08-13 04:00:00,33351.516607300015,1446.9201073000113,31904.5965,145
2024-08-14 04:00:00,33416.40410730001,1446.9201073000113,31969.484,145
2024-08-15 04:00:00,33848.96810730001,1446.9201073000113,32402.048,145
2024-08-16 04:00:00,34040.73060730001,1446.9201073000113,32593.8105,145
2024-08-19 04:00:00,34017.66110730001,1446.9201073000113,32570.740999999998,145
2024-08-20 04:00:00,34074.40795930001,34074.40795930001,0.0,0
2024-08-21 04:00:00,34074.40795930001,34074.40795930001,0.0,0
2024-08-22 04:00:00,34074.40795930001,34074.40795930001,0.0,0
2024-08-23 04:00:00,34074.40795930001,34074.40795930001,0.0,0
2024-08-26 04:00:00,34074.40795930001,34074.40795930001,0.0,0
2024-08-27 04:00:00,34042.20891970002,1843.1693197000131,32199.0396,142
2024-08-28 04:00:00,33824.764319700014,1843.1693197000131,31981.595,142
2024-08-29 04:00:00,34290.73731970001,1843.1693197000131,32447.568,142
2024-08-30 04:00:00,34179.18211970001,1843.1693197000131,32336.0128,142
2024-09-03 04:00:00,33299.47791970002,1843.1693197000131,31456.3086,142
2024-09-04 04:00:00,33028.357319700015,1843.1693197000131,31185.188000000002,142
2024-09-05 04:00:00,33244.410319700015,1843.1693197000131,31401.241,142
2024-09-06 04:00:00,33024.125719700016,1843.1693197000131,31180.956400000003,142
2024-09-09 04:00:00,33036.83471970001,1843.1693197000131,31193.665399999998,142
2024-09-10 04:00:00,32923.873719700015,1843.1693197000131,31080.7044,142
2024-09-11 04:00:00,33283.943119700016,1843.1693197000131,31440.773800000003,142
2024-09-12 04:00:00,33299.47791970002,1843.1693197000131,31456.3086,142
2024-09-13 04:00:00,33261.35091970001,1843.1693197000131,31418.1816,142
2024-09-16 04:00:00,32388.70411970001,1843.1693197000131,30545.534799999998,142
2024-09-17 04:00:00,32455.06071970001,1843.1693197000131,30611.891399999997,142
2024-09-18 04:00:00,33005.765119700016,1843.1693197000131,31162.595800000003,142
2024-09-19 04:00:00,34160.82151970001,1843.1693197000131,32317.6522,142
2024-09-20 04:00:00,34066.221119700014,1843.1693197000131,32223.0518,142
2024-09-23 04:00:00,33821.93851970001,1843.1693197000131,31978.7692,142
2024-09-24 04:00:00,33949.014319700014,1843.1693197000131,32105.845,142
2024-09-25 04:00:00,33807.809519700015,1843.1693197000131,31964.6402,142
2024-09-26 04:00:00,33970.20071970001,1843.1693197000131,32127.0314,142
2024-09-27 04:00:00,34008.32771970001,1843.1693197000131,32165.1584,142
2024-09-30 04:00:00,34744.001319700015,1843.1693197000131,32900.832,142
2024-10-01 04:00:00,33785.21731970001,1843.1693197000131,31942.048,142
2024-10-02 04:00:00,33865.70291970001,1843.1693197000131,32022.5336,142
2024-10-03 04:00:00,33708.963319700015,1843.1693197000131,31865.794,142
2024-10-04 04:00:00,33868.528719700014,1843.1693197000131,32025.3594,142
2024-10-07 04:00:00,33146.969919700015,1843.1693197000131,31303.8006,142
2024-10-08 04:00:00,33723.09231970001,1843.1693197000131,31879.923,142
2024-10-09 04:00:00,34255.43611970001,1843.1693197000131,32412.2668,142
2024-10-10 04:00:00,34184.83371970001,1843.1693197000131,32341.664399999998,142
2024-10-11 04:00:00,33974.43231970001,1843.1693197000131,32131.263,142
2024-10-14 04:00:00,34503.964519700006,1843.1693197000131,32660.795199999997,142
2024-10-15 04:00:00,34864.033919700014,1843.1693197000131,33020.8646,142
2024-10-16 04:00:00,34571.72691970001,1843.1693197000131,32728.5576,142
2024-10-17 04:00:00,34623.982919700014,1843.1693197000131,32780.8136,142
2024-10-18 04:00:00,35026.410919700014,1843.1693197000131,33183.2416,142
2024-10-21 04:00:00,35235.406519700016,1843.1693197000131,33392.2372,142
2024-10-22 04:00:00,35147.84931970001,1843.1693197000131,33304.68,142
2024-10-23 04:00:00,34427.71051970001,1843.1693197000131,32584.5412,142
2024-10-24 04:00:00,34400.87251970002,1843.1693197000131,32557.7032,142
2024-10-25 04:00:00,34519.48511970001,1843.1693197000131,32676.3158,142
2024-10-28 04:00:00,34800.48891970001,1843.1693197000131,32957.319599999995,142
2024-10-29 04:00:00,34838.615919700016,1843.1693197000131,32995.4466,142
2024-10-30 04:00:00,34334.51591970002,1843.1693197000131,32491.3466,142
2024-10-31 04:00:00,33742.858719700016,1843.1693197000131,31899.6894,142
2024-11-01 04:00:00,33319.24431970001,1843.1693197000131,31476.075,142
2024-11-04 05:00:00,33192.154319700014,1843.1693197000131,31348.985,142
2024-11-05 05:00:00,33395.49831970001,1843.1693197000131,31552.329,142
2024-11-06 05:00:00,33292.42051970001,1843.1693197000131,31449.251200000002,142
2024-11-07 05:00:00,33964.54911970001,1843.1693197000131,32121.3798,142
2024-11-08 05:00:00,33926.379519700014,1843.1693197000131,32083.210199999998,142
2024-11-11 05:00:00,33540.46611970001,1843.1693197000131,31697.2968,142
2024-11-12 05:00:00,33540.46611970001,1843.1693197000131,31697.2968,142
2024-11-13 05:00:00,33666.278119700015,1843.1693197000131,31823.1088,142
2024-11-14 05:00:00,34104.490119700014,1843.1693197000131,32261.320799999998,142
2024-11-15 05:00:00,33649.32331970001,1843.1693197000131,31806.154,142
2024-11-18 05:00:00,34076.23211970001,1843.1693197000131,32233.0628,142
2024-11-19 05:00:00,34080.71190730001,34080.71190730001,0.0,0
2024-11-20 05:00:00,34080.71190730001,34080.71190730001,0.0,0
2024-11-21 05:00:00,34080.71190730001,34080.71190730001,0.0,0
2024-11-22 05:00:00,34080.71190730001,34080.71190730001,0.0,0
2024-11-25 05:00:00,34080.71190730001,34080.71190730001,0.0,0
2024-11-26 05:00:00,34080.71190730001,34080.71190730001,0.0,0
2024-11-27 05:00:00,34080.71190730001,34080.71190730001,0.0,0
2024-11-29 05:00:00,34080.71190730001,34080.71190730001,0.0,0
2024-12-02 05:00:00,34080.71190730001,34080.71190730001,0.0,0
2024-12-03 05:00:00,34080.71190730001,34080.71190730001,0.0,0
2024-12-04 05:00:00,34080.71190730001,34080.71190730001,0.0,0
2024-12-05 05:00:00,34080.71190730001,34080.71190730001,0.0,0
2024-12-06 05:00:00,34080.71190730001,34080.71190730001,0.0,0
2024-12-09 05:00:00,34080.71190730001,34080.71190730001,0.0,0
2024-12-10 05:00:00,34080.71190730001,34080.71190730001,0.0,0
2024-12-11 05:00:00,34080.71190730001,34080.71190730001,0.0,0
2024-12-12 05:00:00,34080.71190730001,34080.71190730001,0.0,0
2024-12-13 05:00:00,34080.71190730001,34080.71190730001,0.0,0
2024-12-16 05:00:00,34080.71190730001,34080.71190730001,0.0,0
2024-12-17 05:00:00,34080.71190730001,34080.71190730001,0.0,0
2024-12-18 05:00:00,34080.71190730001,34080.71190730001,0.0,0
2024-12-19 05:00:00,34080.71190730001,34080.71190730001,0.0,0
2024-12-20 05:00:00,34080.71190730001,34080.71190730001,0.0,0
2024-12-23 05:00:00,34080.71190730001,34080.71190730001,0.0,0
2024-12-24 05:00:00,34080.71190730001,34080.71190730001,0.0,0
2024-12-26 05:00:00,34080.71190730001,34080.71190730001,0.0,0
2024-12-27 05:00:00,34080.71190730001,34080.71190730001,0.0,0
2024-12-30 05:00:00,34080.71190730001,34080.71190730001,0.0,0
2024-12-31 05:00:00,34080.71190730001,34080.71190730001,0.0,0
2025-01-02 05:00:00,34080.71190730001,34080.71190730001,0.0,0
2025-01-03 05:00:00,34080.71190730001,34080.71190730001,0.0,0
2025-01-06 05:00:00,34080.71190730001,34080.71190730001,0.0,0
2025-01-07 05:00:00,34080.71190730001,34080.71190730001,0.0,0
2025-01-08 05:00:00,34080.71190730001,34080.71190730001,0.0,0
2025-01-10 05:00:00,34080.71190730001,34080.71190730001,0.0,0
2025-01-13 05:00:00,34080.71190730001,34080.71190730001,0.0,0
2025-01-14 05:00:00,34080.71190730001,34080.71190730001,0.0,0
2025-01-15 05:00:00,34080.71190730001,34080.71190730001,0.0,0
2025-01-16 05:00:00,34080.71190730001,34080.71190730001,0.0,0
2025-01-17 05:00:00,34080.71190730001,34080.71190730001,0.0,0
2025-01-21 05:00:00,34080.71190730001,34080.71190730001,0.0,0
2025-01-22 05:00:00,34080.71190730001,34080.71190730001,0.0,0
2025-01-23 05:00:00,34080.71190730001,34080.71190730001,0.0,0
2025-01-24 05:00:00,34080.71190730001,34080.71190730001,0.0,0
2025-01-27 05:00:00,34080.71190730001,34080.71190730001,0.0,0
2025-01-28 05:00:00,34080.71190730001,34080.71190730001,0.0,0
2025-01-29 05:00:00,34080.71190730001,34080.71190730001,0.0,0
2025-01-30 05:00:00,34080.71190730001,34080.71190730001,0.0,0
2025-01-31 05:00:00,34080.71190730001,34080.71190730001,0.0,0
2025-02-03 05:00:00,34080.71190730001,34080.71190730001,0.0,0
2025-02-04 05:00:00,34080.71190730001,34080.71190730001,0.0,0
2025-02-05 05:00:00,34080.71190730001,34080.71190730001,0.0,0
2025-02-06 05:00:00,34080.71190730001,34080.71190730001,0.0,0
2025-02-07 05:00:00,34080.71190730001,34080.71190730001,0.0,0
2025-02-10 05:00:00,34080.71190730001,34080.71190730001,0.0,0
2025-02-11 05:00:00,34080.71190730001,34080.71190730001,0.0,0
2025-02-12 05:00:00,34080.71190730001,34080.71190730001,0.0,0
2025-02-13 05:00:00,34080.71190730001,34080.71190730001,0.0,0
2025-02-14 05:00:00,34080.71190730001,34080.71190730001,0.0,0
2025-02-18 05:00:00,34080.71190730001,34080.71190730001,0.0,0
2025-02-19 05:00:00,34080.71190730001,34080.71190730001,0.0,0
2025-02-20 05:00:00,34080.71190730001,34080.71190730001,0.0,0
2025-02-21 05:00:00,34080.71190730001,34080.71190730001,0.0,0
2025-02-24 05:00:00,34080.71190730001,34080.71190730001,0.0,0
2025-02-25 05:00:00,34080.71190730001,34080.71190730001,0.0,0
2025-02-26 05:00:00,34080.71190730001,34080.71190730001,0.0,0
2025-02-27 05:00:00,34080.71190730001,34080.71190730001,0.0,0
2025-02-28 05:00:00,34080.71190730001,34080.71190730001,0.0,0
2025-03-03 05:00:00,34080.71190730001,34080.71190730001,0.0,0
2025-03-04 05:00:00,34080.71190730001,34080.71190730001,0.0,0
2025-03-05 05:00:00,34080.71190730001,34080.71190730001,0.0,0
2025-03-06 05:00:00,34048.347043300004,1683.4830433000097,32364.863999999998,138
2025-03-07 05:00:00,34562.714443300014,1683.4830433000097,32879.231400000004,138
2025-03-10 04:00:00,32968.74544330001,1683.4830433000097,31285.2624,138
2025-03-11 04:00:00,32055.54424330001,1683.4830433000097,30372.0612,138
2025-03-12 04:00:00,31524.68584330001,1683.4830433000097,29841.2028,138
2025-03-13 04:00:00,30520.708243300007,1683.4830433000097,28837.225199999997,138
2025-03-14 04:00:00,31044.70804330001,1683.4830433000097,29361.225,138
2025-03-17 04:00:00,31085.40828670001,31085.40828670001,0.0,0
2025-03-18 04:00:00,31085.40828670001,31085.40828670001,0.0,0
2025-03-19 04:00:00,31085.40828670001,31085.40828670001,0.0,0
2025-03-20 04:00:00,31085.40828670001,31085.40828670001,0.0,0
2025-03-21 04:00:00,31085.40828670001,31085.40828670001,0.0,0
2025-03-24 04:00:00,31085.40828670001,31085.40828670001,0.0,0
2025-03-25 04:00:00,31085.40828670001,31085.40828670001,0.0,0
2025-03-26 04:00:00,31085.40828670001,31085.40828670001,0.0,0
2025-03-27 04:00:00,31085.40828670001,31085.40828670001,0.0,0
2025-03-28 04:00:00,31085.40828670001,31085.40828670001,0.0,0
2025-03-31 04:00:00,31085.40828670001,31085.40828670001,0.0,0
2025-04-01 04:00:00,31085.40828670001,31085.40828670001,0.0,0
2025-04-02 04:00:00,31085.40828670001,31085.40828670001,0.0,0
2025-04-03 04:00:00,31085.40828670001,31085.40828670001,0.0,0
2025-04-04 04:00:00,31085.40828670001,31085.40828670001,0.0,0
2025-04-07 04:00:00,31085.40828670001,31085.40828670001,0.0,0
2025-04-08 04:00:00,31085.40828670001,31085.40828670001,0.0,0
2025-04-09 04:00:00,31085.40828670001,31085.40828670001,0.0,0
2025-04-10 04:00:00,31085.40828670001,31085.40828670001,0.0,0
2025-04-11 04:00:00,31085.40828670001,31085.40828670001,0.0,0
2025-04-14 04:00:00,31085.40828670001,31085.40828670001,0.0,0
2025-04-15 04:00:00,31085.40828670001,31085.40828670001,0.0,0
2025-04-16 04:00:00,31085.40828670001,31085.40828670001,0.0,0
2025-04-17 04:00:00,31085.40828670001,31085.40828670001,0.0,0
2025-04-21 04:00:00,31085.40828670001,31085.40828670001,0.0,0
2025-04-22 04:00:00,31085.40828670001,31085.40828670001,0.0,0
2025-04-23 04:00:00,31085.40828670001,31085.40828670001,0.0,0
2025-04-24 04:00:00,31085.40828670001,31085.40828670001,0.0,0
2025-04-25 04:00:00,31085.40828670001,31085.40828670001,0.0,0
2025-04-28 04:00:00,31085.40828670001,31085.40828670001,0.0,0
2025-04-29 04:00:00,31085.40828670001,31085.40828670001,0.0,0
2025-04-30 04:00:00,31085.40828670001,31085.40828670001,0.0,0
2025-05-01 04:00:00,31085.40828670001,31085.40828670001,0.0,0
2025-05-02 04:00:00,31085.40828670001,31085.40828670001,0.0,0
2025-05-05 04:00:00,31085.40828670001,31085.40828670001,0.0,0
2025-05-06 04:00:00,31085.40828670001,31085.40828670001,0.0,0
2025-05-07 04:00:00,31085.40828670001,31085.40828670001,0.0,0
2025-05-08 04:00:00,31085.40828670001,31085.40828670001,0.0,0
2025-05-09 04:00:00,31085.40828670001,31085.40828670001,0.0,0
2025-05-12 04:00:00,31085.40828670001,31085.40828670001,0.0,0
2025-05-13 04:00:00,31085.40828670001,31085.40828670001,0.0,0
2025-05-14 04:00:00,31085.40828670001,31085.40828670001,0.0,0
2025-05-15 04:00:00,31085.40828670001,31085.40828670001,0.0,0
2025-05-16 04:00:00,31085.40828670001,31085.40828670001,0.0,0
2025-05-19 04:00:00,31085.40828670001,31085.40828670001,0.0,0
2025-05-20 04:00:00,31085.40828670001,31085.40828670001,0.0,0
2025-05-21 04:00:00,31085.40828670001,31085.40828670001,0.0,0
2025-05-22 04:00:00,31085.40828670001,31085.40828670001,0.0,0
2025-05-23 04:00:00,31085.40828670001,31085.40828670001,0.0,0
2025-05-27 04:00:00,31085.40828670001,31085.40828670001,0.0,0
2025-05-28 04:00:00,31085.40828670001,31085.40828670001,0.0,0
2025-05-29 04:00:00,31085.40828670001,31085.40828670001,0.0,0
2025-05-30 04:00:00,31085.40828670001,31085.40828670001,0.0,0
2025-06-02 04:00:00,31085.40828670001,31085.40828670001,0.0,0
2025-06-03 04:00:00,31085.40828670001,31085.40828670001,0.0,0
2025-06-04 04:00:00,31085.40828670001,31085.40828670001,0.0,0
2025-06-05 04:00:00,31055.977637200012,1625.3281372000129,29430.6495,147
2025-06-06 04:00:00,31538.593337200015,1625.3281372000129,29913.2652,147
2025-06-09 04:00:00,31176.253037200015,1625.3281372000129,29550.9249,147
2025-06-10 04:00:00,31355.225537200015,1625.3281372000129,29729.8974,147
2025-06-11 04:00:00,30784.600937200015,1625.3281372000129,29159.272800000002,147
2025-06-12 04:00:00,30846.208637200012,1625.3281372000129,29220.8805,147
2025-06-13 04:00:00,30442.81123720001,1625.3281372000129,28817.483099999998,147
2025-06-16 04:00:00,30731.78383720001,1625.3281372000129,29106.4557,147
2025-06-17 04:00:00,30295.292474200014,30295.292474200014,0.0,0
2025-06-18 04:00:00,30295.292474200014,30295.292474200014,0.0,0
2025-06-20 04:00:00,30295.292474200014,30295.292474200014,0.0,0
2025-06-23 04:00:00,30295.292474200014,30295.292474200014,0.0,0
2025-06-24 04:00:00,30295.292474200014,30295.292474200014,0.0,0
2025-06-25 04:00:00,30295.292474200014,30295.292474200014,0.0,0
2025-06-26 04:00:00,30295.292474200014,30295.292474200014,0.0,0
2025-06-27 04:00:00,30295.292474200014,30295.292474200014,0.0,0
2025-06-30 04:00:00,30295.292474200014,30295.292474200014,0.0,0
2025-07-01 04:00:00,30295.292474200014,30295.292474200014,0.0,0
2025-07-02 04:00:00,30295.292474200014,30295.292474200014,0.0,0
2025-07-03 04:00:00,30295.292474200014,30295.292474200014,0.0,0
2025-07-07 04:00:00,30295.292474200014,30295.292474200014,0.0,0
2025-07-08 04:00:00,30295.292474200014,30295.292474200014,0.0,0
2025-07-09 04:00:00,30295.292474200014,30295.292474200014,0.0,0
2025-07-10 04:00:00,30295.292474200014,30295.292474200014,0.0,0
2025-07-11 04:00:00,30266.635043800015,1609.204643800018,28657.430399999997,136
2025-07-14 04:00:00,29921.91584380002,1609.204643800018,28312.7112,136
2025-07-15 04:00:00,29988.41984380002,1609.204643800018,28379.215200000002,136
2025-07-16 04:00:00,30130.92064380002,1609.204643800018,28521.716,136
2025-07-17 04:00:00,30111.92144380002,1609.204643800018,28502.716800000002,136
2025-07-18 04:00:00,30269.341443800018,1609.204643800018,28660.1368,136
2025-07-21 04:00:00,30445.77424380002,1609.204643800018,28836.569600000003,136
2025-07-22 04:00:00,30706.33664380002,1609.204643800018,29097.132,136
2025-07-23 04:00:00,30672.418243800017,1609.204643800018,29063.2136,136
2025-07-24 04:00:00,30619.487043800018,1609.204643800018,29010.2824,136
2025-07-25 04:00:00,30635.76624380002,1609.204643800018,29026.5616,136
2025-07-28 04:00:00,30658.84544380002,1609.204643800018,29049.6408,136
2025-07-29 04:00:00,30281.55424380002,1609.204643800018,28672.3496,136
2025-07-30 04:00:00,29980.27344380002,1609.204643800018,28371.0688,136
2025-07-31 04:00:00,29779.415043800018,1609.204643800018,28170.2104,136
2025-08-01 04:00:00,29075.05744380002,1609.204643800018,27465.8528,136
2025-08-04 04:00:00,29206.705443800016,1609.204643800018,27597.500799999998,136
2025-08-05 04:00:00,29148.347843800017,1609.204643800018,27539.1432,136
2025-08-06 04:00:00,30550.276643800018,1609.204643800018,28941.072,136
2025-08-07 04:00:00,31470.41184380002,1609.204643800018,29861.2072,136
2025-08-08 04:00:00,32735.26624380002,1609.204643800018,31126.0616,136
2025-08-11 04:00:00,32475.76464380002,1609.204643800018,30866.56,136
2025-08-12 04:00:00,32811.358243800016,1609.204643800018,31202.1536,136
2025-08-13 04:00:00,33311.34864380002,1609.204643800018,31702.144,136
2025-08-14 04:00:00,33236.63024380001,1609.204643800018,31627.4256,136
2025-08-15 04:00:00,33074.93984380002,1609.204643800018,31465.7352,136
2025-08-18 04:00:00,32979.83504380002,1609.204643800018,31370.630400000002,136
2025-08-19 04:00:00,32934.99584380002,1609.204643800018,31325.7912,136
2025-08-20 04:00:00,32316.794243800017,1609.204643800018,30707.5896,136
2025-08-21 04:00:00,32165.98384380002,1609.204643800018,30556.7792,136
2025-08-22 04:00:00,32554.56304380002,1609.204643800018,30945.3584,136
2025-08-25 04:00:00,32473.044643800018,1609.204643800018,30863.84,136
2025-08-26 04:00:00,32765.159043800017,1609.204643800018,31155.9544,136
2025-08-27 04:00:00,32925.48944380002,1609.204643800018,31316.284799999998,136
2025-08-28 04:00:00,33206.73744380002,1609.204643800018,31597.5328,136
2025-08-29 04:00:00,33149.67184380002,1609.204643800018,31540.4672,136
2025-09-02 04:00:00,32820.864643800014,1609.204643800018,31211.66,136
2025-09-03 04:00:00,34009.72224380002,1609.204643800018,32400.5176,136
2025-09-04 04:00:00,34187.70544380002,1609.204643800018,32578.500799999998,136
2025-09-05 04:00:00,34175.47904380002,1609.204643800018,32566.2744,136
2025-09-08 04:00:00,33929.55024380002,1609.204643800018,32320.3456,136
2025-09-09 04:00:00,33449.93264380001,1609.204643800018,31840.728,136
2025-09-10 04:00:00,32422.77904380002,1609.204643800018,30813.5744,136
2025-09-11 04:00:00,32862.983843800015,1609.204643800018,31253.7792,136
2025-09-12 04:00:00,33411.893443800014,1609.204643800018,31802.6888,136
2025-09-15 04:00:00,33769.23344380002,1609.204643800018,32160.0288,136
2025-09-16 04:00:00,33966.243043800016,1609.204643800018,32357.038399999998,136
2025-09-17 04:00:00,34080.37424380002,1609.204643800018,32471.1696,136
2025-09-18 04:00:00,33929.55024380002,1609.204643800018,32320.3456,136
2025-09-19 04:00:00,34964.86384380002,1609.204643800018,33355.6592,136
2025-09-22 04:00:00,36402.35664380002,1609.204643800018,34793.152,136
2025-09-23 04:00:00,36178.17424380002,1609.204643800018,34568.969600000004,136
2025-09-24 04:00:00,35890.12624380002,1609.204643800018,34280.9216,136
2025-09-25 04:00:00,36509.68784380001,1609.204643800018,34900.483199999995,136
2025-09-26 04:00:00,36318.11824380002,1609.204643800018,34708.9136,136
2025-09-29 04:00:00,36178.17424380002,1609.204643800018,34568.969600000004,136
2025-09-30 04:00:00,36205.347043800015,1609.204643800018,34596.1424,136
2025-10-01 04:00:00,36316.75824380002,1609.204643800018,34707.5536,136
2025-10-02 04:00:00,36545.02064380002,1609.204643800018,34935.816,136
2025-10-03 04:00:00,36665.93824380002,1609.204643800018,35056.7336,136
2025-10-06 04:00:00,36485.235043800014,1609.204643800018,34876.030399999996,136
2025-10-07 04:00:00,36456.70224380002,1609.204643800018,34847.4976,136
2025-10-08 04:00:00,36671.37824380001,1609.204643800018,35062.173599999995,136
2025-10-09 04:00:00,36125.18864380002,1609.204643800018,34515.984000000004,136
2025-10-10 04:00:00,34933.624643800016,1609.204643800018,33324.42,136
2025-10-13 04:00:00,35258.35184380002,1609.204643800018,33649.1472,136
2025-10-14 04:00:00,35273.28464380002,1609.204643800018,33664.08,136
2025-10-15 04:00:00,35486.60064380002,1609.204643800018,33877.396,136
2025-10-16 04:00:00,35229.81904380002,1609.204643800018,33620.6144,136
2025-10-17 04:00:00,35887.41984380002,1609.204643800018,34278.2152,136
2025-10-20 04:00:00,37239.300643800016,1609.204643800018,35630.096,136
2025-10-21 04:00:00,37311.31264380001,1609.204643800018,35702.10799999999,136
2025-10-22 04:00:00,36724.36384380002,1609.204643800018,35115.1592,136
2025-10-23 04:00:00,36877.894243800016,1609.204643800018,35268.6896,136
2025-10-24 04:00:00,37318.112643800014,1609.204643800018,35708.907999999996,136
2025-10-27 04:00:00,38131.96384380001,1609.204643800018,36522.75919999999,136
2025-10-28 04:00:00,38157.77664380002,1609.204643800018,36548.572,136
2025-10-29 04:00:00,38252.88144380002,1609.204643800018,36643.6768,136
2025-10-30 04:00:00,38483.850243800014,1609.204643800018,36874.645599999996,136
2025-10-31 04:00:00,38343.91984380002,1609.204643800018,36734.7152,136
2025-11-03 05:00:00,38164.563043800015,1609.204643800018,36555.3584,136
2025-11-04 05:00:00,38299.08064380002,1609.204643800018,36689.876000000004,136
2025-11-05 05:00:00,38312.667043800015,1609.204643800018,36703.4624,136
2025-11-06 05:00:00,38262.38784380002,1609.204643800018,36653.1832,136
2025-11-07 05:00:00,38085.764643800016,1609.204643800018,36476.56,136
2025-11-10 05:00:00,38251.68464380002,1609.204643800018,36642.48,136
2025-11-11 05:00:00,39043.20464380002,1609.204643800018,37434.0,136
2025-11-12 05:00:00,38801.12464380002,1609.204643800018,37191.920000000006,136
2025-11-13 05:00:00,38730.404643800015,1609.204643800018,37121.2,136
2025-11-14 05:00:00,38656.96464380002,1609.204643800018,37047.76,136
2025-11-17 05:00:00,37983.764643800016,1609.204643800018,36374.56,136
2025-11-18 05:00:00,37981.044643800014,1609.204643800018,36371.84,136
2025-11-19 05:00:00,38133.36464380002,1609.204643800018,36524.16,136
2025-11-20 05:00:00,37819.20464380002,1609.204643800018,36210.0,136
2025-11-21 05:00:00,38531.84464380002,1609.204643800018,36922.64,136
2025-11-24 05:00:00,39134.32464380002,1609.204643800018,37525.12,136
2025-11-25 05:00:00,39277.12464380002,1609.204643800018,37667.920000000006,136
2025-11-26 05:00:00,39356.00464380002,1609.204643800018,37746.8,136
2025-11-28 05:00:00,39532.804643800024,1609.204643800018,37923.600000000006,136
2025-12-01 05:00:00,40110.804643800024,1609.204643800018,38501.600000000006,136
2025-12-02 05:00:00,40531.044643800014,1609.204643800018,38921.84,136
2025-12-03 05:00:00,40253.60464380001,1609.204643800018,38644.399999999994,136
2025-12-04 05:00:00,39784.404643800015,1609.204643800018,38175.2,136
2025-12-05 05:00:00,39523.28464380001,1609.204643800018,37914.079999999994,136
2025-12-08 05:00:00,39402.24464380002,1609.204643800018,37793.04,136
2025-12-09 05:00:00,39305.68464380002,1609.204643800018,37696.48,136
2025-12-10 05:00:00,39523.28464380001,1609.204643800018,37914.079999999994,136
2025-12-11 05:00:00,39421.28464380001,1609.204643800018,37812.079999999994,136
2025-12-12 05:00:00,39455.28464380001,1609.204643800018,37846.079999999994,136
2025-12-15 05:00:00,38888.16464380002,1609.204643800018,37278.96,136
2025-12-16 05:00:00,38956.16464380002,1609.204643800018,37346.96,136
2025-12-17 05:00:00,38579.444643800016,1609.204643800018,36970.24,136
2025-12-18 05:00:00,38627.044643800014,1609.204643800018,37017.84,136
2025-12-19 05:00:00,38828.32464380002,1609.204643800018,37219.12,136
2025-12-22 05:00:00,38461.12464380002,1609.204643800018,36851.920000000006,136
2025-12-23 05:00:00,38650.16464380002,1609.204643800018,37040.96,136
2025-12-24 05:00:00,38847.36464380002,1609.204643800018,37238.16,136
2025-12-26 05:00:00,38791.60464380001,1609.204643800018,37182.399999999994,136
2025-12-29 05:00:00,38840.56464380002,1609.204643800018,37231.36,136
2025-12-30 05:00:00,38748.084643800015,1609.204643800018,37138.88,136
2025-12-31 05:00:00,38582.16464380002,1609.204643800018,36972.96,136
2026-01-02 05:00:00,38466.56464380002,1609.204643800018,36857.36,136
2026-01-05 05:00:00,37956.56464380002,1609.204643800018,36347.36,136
2026-01-06 05:00:00,37290.16464380002,1609.204643800018,35680.96,136
2026-01-07 05:00:00,37014.084643800015,1609.204643800018,35404.88,136
2026-01-08 05:00:00,36838.64464380002,1609.204643800018,35229.44,136
2026-01-09 05:00:00,36883.52464380002,1609.204643800018,35274.32,136
2026-01-12 05:00:00,37003.20464380002,1609.204643800018,35394.0,136
2026-01-13 05:00:00,37112.00464380002,1609.204643800018,35502.8,136
2026-01-14 05:00:00,36963.764643800016,1609.204643800018,35354.56,136
2026-01-15 05:00:00,36725.764643800016,1609.204643800018,35116.56,136
2026-01-16 05:00:00,36361.28464380002,1609.204643800018,34752.08,136
2026-01-20 05:00:00,35160.404643800015,1609.204643800018,33551.2,136
2026-01-21 05:00:00,35289.60464380002,1609.204643800018,33680.4,136
2026-01-22 05:00:00,35384.80464380002,1609.204643800018,33775.6,136
2026-01-23 05:00:00,35342.64464380002,1609.204643800018,33733.44,136
2026-01-26 05:00:00,36344.96464380002,1609.204643800018,34735.76,136
2026-01-27 05:00:00,36733.92464380002,1609.204643800018,35124.72,136
2026-01-28 05:00:00,36485.044643800014,1609.204643800018,34875.84,136
2026-01-29 05:00:00,36735.28464380001,1609.204643800018,35126.079999999994,136
2026-01-30 05:00:00,36898.48464380002,1609.204643800018,35289.28,136
2026-02-02 05:00:00,38330.56464380002,1609.204643800018,36721.36,136
2026-02-03 05:00:00,38258.48464380002,1609.204643800018,36649.28,136
2026-02-04 05:00:00,39211.84464380002,1609.204643800018,37602.64,136
2026-02-05 05:00:00,39132.96464380002,1609.204643800018,37523.76,136
2026-02-06 05:00:00,39433.52464380002,1609.204643800018,37824.32,136
